id,firstname,lastname,email,email2,profession
100,Alameda,Haymes,Alameda.Haymes@yopmail.com,Alameda.Haymes@gmail.com,worker
101,Jobi,Willie,Jobi.Willie@yopmail.com,Jobi.Willie@gmail.com,developer
102,Dorthy,Frendel,Dorthy.Frendel@yopmail.com,Dorthy.Frendel@gmail.com,worker
103,Kalina,Kronfeld,Kalina.Kronfeld@yopmail.com,Kalina.Kronfeld@gmail.com,worker
104,Romona,Pearse,Romona.Pearse@yopmail.com,Romona.Pearse@gmail.com,police officer
105,Gerrie,Friede,Gerrie.Friede@yopmail.com,Gerrie.Friede@gmail.com,police officer
106,Ellette,Cassius,Ellette.Cassius@yopmail.com,Ellette.Cassius@gmail.com,worker
107,Rivalee,Yuille,Rivalee.Yuille@yopmail.com,Rivalee.Yuille@gmail.com,doctor
108,Kore,Cecile,Kore.Cecile@yopmail.com,Kore.Cecile@gmail.com,developer
109,Lita,Publia,Lita.Publia@yopmail.com,Lita.Publia@gmail.com,doctor
110,Katharina,Hepsibah,Katharina.Hepsibah@yopmail.com,Katharina.Hepsibah@gmail.com,developer
111,Felice,Yate,Felice.Yate@yopmail.com,Felice.Yate@gmail.com,doctor
112,Evaleen,Fadiman,Evaleen.Fadiman@yopmail.com,Evaleen.Fadiman@gmail.com,worker
113,Florie,Felizio,Florie.Felizio@yopmail.com,Florie.Felizio@gmail.com,firefighter
114,Nannie,Cordi,Nannie.Cordi@yopmail.com,Nannie.Cordi@gmail.com,developer
115,Jere,Lalitta,Jere.Lalitta@yopmail.com,Jere.Lalitta@gmail.com,firefighter
116,Jan,Leary,Jan.Leary@yopmail.com,Jan.Leary@gmail.com,doctor
117,Yetty,Colyer,Yetty.Colyer@yopmail.com,Yetty.Colyer@gmail.com,developer
118,Etta,Baptlsta,Etta.Baptlsta@yopmail.com,Etta.Baptlsta@gmail.com,police officer
119,Priscilla,Ummersen,Priscilla.Ummersen@yopmail.com,Priscilla.Ummersen@gmail.com,doctor
120,Liana,Ietta,Liana.Ietta@yopmail.com,Liana.Ietta@gmail.com,worker
121,Glenda,Hamil,Glenda.Hamil@yopmail.com,Glenda.Hamil@gmail.com,police officer
122,Amara,Ammann,Amara.Ammann@yopmail.com,Amara.Ammann@gmail.com,worker
123,Gretal,Annice,Gretal.Annice@yopmail.com,Gretal.Annice@gmail.com,police officer
124,Stephanie,Jerald,Stephanie.Jerald@yopmail.com,Stephanie.Jerald@gmail.com,firefighter
125,Kore,Ax,Kore.Ax@yopmail.com,Kore.Ax@gmail.com,firefighter
126,Katuscha,Yuille,Katuscha.Yuille@yopmail.com,Katuscha.Yuille@gmail.com,firefighter
127,Carly,Goldina,Carly.Goldina@yopmail.com,Carly.Goldina@gmail.com,worker
128,June,Kaete,June.Kaete@yopmail.com,June.Kaete@gmail.com,developer
129,Nicoli,Haerr,Nicoli.Haerr@yopmail.com,Nicoli.Haerr@gmail.com,developer
130,Ivett,Bryna,Ivett.Bryna@yopmail.com,Ivett.Bryna@gmail.com,developer
131,Catrina,Jefferey,Catrina.Jefferey@yopmail.com,Catrina.Jefferey@gmail.com,doctor
132,Paule,Parsaye,Paule.Parsaye@yopmail.com,Paule.Parsaye@gmail.com,firefighter
133,Annaliese,Allare,Annaliese.Allare@yopmail.com,Annaliese.Allare@gmail.com,worker
134,Justinn,Vins,Justinn.Vins@yopmail.com,Justinn.Vins@gmail.com,firefighter
135,Phylis,Roscoe,Phylis.Roscoe@yopmail.com,Phylis.Roscoe@gmail.com,police officer
136,Corly,Odell,Corly.Odell@yopmail.com,Corly.Odell@gmail.com,firefighter
137,Rozele,Yam,Rozele.Yam@yopmail.com,Rozele.Yam@gmail.com,doctor
138,Kassey,Alarise,Kassey.Alarise@yopmail.com,Kassey.Alarise@gmail.com,police officer
139,Dotty,Weinreb,Dotty.Weinreb@yopmail.com,Dotty.Weinreb@gmail.com,developer
140,Dagmar,Grosz,Dagmar.Grosz@yopmail.com,Dagmar.Grosz@gmail.com,police officer
141,Lilith,Donell,Lilith.Donell@yopmail.com,Lilith.Donell@gmail.com,developer
142,Ira,Garrison,Ira.Garrison@yopmail.com,Ira.Garrison@gmail.com,firefighter
143,Helena,Grobe,Helena.Grobe@yopmail.com,Helena.Grobe@gmail.com,worker
144,Cristine,Mott,Cristine.Mott@yopmail.com,Cristine.Mott@gmail.com,police officer
145,Rosabelle,Taima,Rosabelle.Taima@yopmail.com,Rosabelle.Taima@gmail.com,firefighter
146,Marguerite,Barney,Marguerite.Barney@yopmail.com,Marguerite.Barney@gmail.com,worker
147,Latisha,Silvan,Latisha.Silvan@yopmail.com,Latisha.Silvan@gmail.com,firefighter
148,Elsie,Candy,Elsie.Candy@yopmail.com,Elsie.Candy@gmail.com,firefighter
149,Carly,Lasley,Carly.Lasley@yopmail.com,Carly.Lasley@gmail.com,firefighter
150,Carol-Jean,Vins,Carol-Jean.Vins@yopmail.com,Carol-Jean.Vins@gmail.com,developer
151,Dennie,Pascia,Dennie.Pascia@yopmail.com,Dennie.Pascia@gmail.com,police officer
152,Mireielle,Lilas,Mireielle.Lilas@yopmail.com,Mireielle.Lilas@gmail.com,worker
153,Brietta,Ranjiv,Brietta.Ranjiv@yopmail.com,Brietta.Ranjiv@gmail.com,worker
154,Lyssa,Waldron,Lyssa.Waldron@yopmail.com,Lyssa.Waldron@gmail.com,developer
155,Nananne,Chrystel,Nananne.Chrystel@yopmail.com,Nananne.Chrystel@gmail.com,worker
156,Therine,Newell,Therine.Newell@yopmail.com,Therine.Newell@gmail.com,police officer
157,Renie,Zachary,Renie.Zachary@yopmail.com,Renie.Zachary@gmail.com,police officer
158,Damaris,Montgomery,Damaris.Montgomery@yopmail.com,Damaris.Montgomery@gmail.com,doctor
159,Adele,Lunsford,Adele.Lunsford@yopmail.com,Adele.Lunsford@gmail.com,doctor
160,Lorenza,Gibbeon,Lorenza.Gibbeon@yopmail.com,Lorenza.Gibbeon@gmail.com,developer
161,Sabina,Candy,Sabina.Candy@yopmail.com,Sabina.Candy@gmail.com,worker
162,Basia,Connelly,Basia.Connelly@yopmail.com,Basia.Connelly@gmail.com,firefighter
163,Shauna,Brittani,Shauna.Brittani@yopmail.com,Shauna.Brittani@gmail.com,firefighter
164,Hyacinthe,Uird,Hyacinthe.Uird@yopmail.com,Hyacinthe.Uird@gmail.com,developer
165,Cordi,Blase,Cordi.Blase@yopmail.com,Cordi.Blase@gmail.com,worker
166,Lanae,Grayce,Lanae.Grayce@yopmail.com,Lanae.Grayce@gmail.com,firefighter
167,Christian,Bakerman,Christian.Bakerman@yopmail.com,Christian.Bakerman@gmail.com,firefighter
168,Kirbee,Garlinda,Kirbee.Garlinda@yopmail.com,Kirbee.Garlinda@gmail.com,doctor
169,Adore,Magdalen,Adore.Magdalen@yopmail.com,Adore.Magdalen@gmail.com,police officer
170,Ebonee,Goddard,Ebonee.Goddard@yopmail.com,Ebonee.Goddard@gmail.com,police officer
171,Janeczka,Melleta,Janeczka.Melleta@yopmail.com,Janeczka.Melleta@gmail.com,developer
172,Marjie,Newell,Marjie.Newell@yopmail.com,Marjie.Newell@gmail.com,doctor
173,Gilligan,Belldas,Gilligan.Belldas@yopmail.com,Gilligan.Belldas@gmail.com,doctor
174,Melanie,Norrie,Melanie.Norrie@yopmail.com,Melanie.Norrie@gmail.com,doctor
175,Oralee,Klotz,Oralee.Klotz@yopmail.com,Oralee.Klotz@gmail.com,doctor
176,Lory,Sigfrid,Lory.Sigfrid@yopmail.com,Lory.Sigfrid@gmail.com,police officer
177,Celestyna,Hubert,Celestyna.Hubert@yopmail.com,Celestyna.Hubert@gmail.com,police officer
178,Ricky,Stacy,Ricky.Stacy@yopmail.com,Ricky.Stacy@gmail.com,developer
179,Jenda,Sheng,Jenda.Sheng@yopmail.com,Jenda.Sheng@gmail.com,doctor
180,Chastity,Ogren,Chastity.Ogren@yopmail.com,Chastity.Ogren@gmail.com,developer
181,Joleen,Redmond,Joleen.Redmond@yopmail.com,Joleen.Redmond@gmail.com,firefighter
182,Lorie,Morgun,Lorie.Morgun@yopmail.com,Lorie.Morgun@gmail.com,developer
183,Lorenza,Gaal,Lorenza.Gaal@yopmail.com,Lorenza.Gaal@gmail.com,worker
184,Gilligan,Bertold,Gilligan.Bertold@yopmail.com,Gilligan.Bertold@gmail.com,doctor
185,Collen,Linskey,Collen.Linskey@yopmail.com,Collen.Linskey@gmail.com,developer
186,Deirdre,Brunell,Deirdre.Brunell@yopmail.com,Deirdre.Brunell@gmail.com,police officer
187,Stacey,Natica,Stacey.Natica@yopmail.com,Stacey.Natica@gmail.com,firefighter
188,Kassey,Hillel,Kassey.Hillel@yopmail.com,Kassey.Hillel@gmail.com,worker
189,Asia,Bivins,Asia.Bivins@yopmail.com,Asia.Bivins@gmail.com,police officer
190,Chastity,Latini,Chastity.Latini@yopmail.com,Chastity.Latini@gmail.com,worker
191,Janeczka,Nester,Janeczka.Nester@yopmail.com,Janeczka.Nester@gmail.com,developer
192,Deloria,Wandie,Deloria.Wandie@yopmail.com,Deloria.Wandie@gmail.com,developer
193,Asia,Esmaria,Asia.Esmaria@yopmail.com,Asia.Esmaria@gmail.com,police officer
194,Annaliese,Gwenore,Annaliese.Gwenore@yopmail.com,Annaliese.Gwenore@gmail.com,doctor
195,Courtnay,Kristi,Courtnay.Kristi@yopmail.com,Courtnay.Kristi@gmail.com,police officer
196,Lila,Helve,Lila.Helve@yopmail.com,Lila.Helve@gmail.com,developer
197,Nikki,Iiette,Nikki.Iiette@yopmail.com,Nikki.Iiette@gmail.com,police officer
198,Mureil,Pauly,Mureil.Pauly@yopmail.com,Mureil.Pauly@gmail.com,doctor
199,Annaliese,Alexandr,Annaliese.Alexandr@yopmail.com,Annaliese.Alexandr@gmail.com,police officer
200,Drucie,Trey,Drucie.Trey@yopmail.com,Drucie.Trey@gmail.com,developer
201,Winifred,Baylor,Winifred.Baylor@yopmail.com,Winifred.Baylor@gmail.com,worker
202,Shandie,Barbey,Shandie.Barbey@yopmail.com,Shandie.Barbey@gmail.com,worker
203,Devina,Arley,Devina.Arley@yopmail.com,Devina.Arley@gmail.com,developer
204,June,Serilda,June.Serilda@yopmail.com,June.Serilda@gmail.com,doctor
205,Kary,McClimans,Kary.McClimans@yopmail.com,Kary.McClimans@gmail.com,doctor
206,Maud,Waite,Maud.Waite@yopmail.com,Maud.Waite@gmail.com,doctor
207,Charmaine,Hourigan,Charmaine.Hourigan@yopmail.com,Charmaine.Hourigan@gmail.com,worker
208,Dode,Weaks,Dode.Weaks@yopmail.com,Dode.Weaks@gmail.com,developer
209,Tierney,Madox,Tierney.Madox@yopmail.com,Tierney.Madox@gmail.com,developer
210,Priscilla,Cloris,Priscilla.Cloris@yopmail.com,Priscilla.Cloris@gmail.com,developer
211,Zondra,Cosenza,Zondra.Cosenza@yopmail.com,Zondra.Cosenza@gmail.com,police officer
212,Joleen,Hutchison,Joleen.Hutchison@yopmail.com,Joleen.Hutchison@gmail.com,firefighter
213,Jany,Judye,Jany.Judye@yopmail.com,Jany.Judye@gmail.com,worker
214,Mignon,Saint,Mignon.Saint@yopmail.com,Mignon.Saint@gmail.com,worker
215,Lita,Darian,Lita.Darian@yopmail.com,Lita.Darian@gmail.com,firefighter
216,Agathe,Hilbert,Agathe.Hilbert@yopmail.com,Agathe.Hilbert@gmail.com,developer
217,Ingrid,Corabella,Ingrid.Corabella@yopmail.com,Ingrid.Corabella@gmail.com,doctor
218,Helsa,Santoro,Helsa.Santoro@yopmail.com,Helsa.Santoro@gmail.com,police officer
219,Pierette,Trinetta,Pierette.Trinetta@yopmail.com,Pierette.Trinetta@gmail.com,worker
220,Tera,Phyllis,Tera.Phyllis@yopmail.com,Tera.Phyllis@gmail.com,doctor
221,Joy,Fiann,Joy.Fiann@yopmail.com,Joy.Fiann@gmail.com,police officer
222,Ketti,Kylander,Ketti.Kylander@yopmail.com,Ketti.Kylander@gmail.com,police officer
223,Sarette,Albertine,Sarette.Albertine@yopmail.com,Sarette.Albertine@gmail.com,firefighter
224,Farrah,Newell,Farrah.Newell@yopmail.com,Farrah.Newell@gmail.com,worker
225,Verla,Alisia,Verla.Alisia@yopmail.com,Verla.Alisia@gmail.com,developer
226,Flo,Mandler,Flo.Mandler@yopmail.com,Flo.Mandler@gmail.com,firefighter
227,Selma,Marcellus,Selma.Marcellus@yopmail.com,Selma.Marcellus@gmail.com,developer
228,Roxane,Berne,Roxane.Berne@yopmail.com,Roxane.Berne@gmail.com,firefighter
229,Catrina,Daegal,Catrina.Daegal@yopmail.com,Catrina.Daegal@gmail.com,doctor
230,Hannis,Cosenza,Hannis.Cosenza@yopmail.com,Hannis.Cosenza@gmail.com,doctor
231,Cam,Holbrook,Cam.Holbrook@yopmail.com,Cam.Holbrook@gmail.com,worker
232,Adore,Hollingsworth,Adore.Hollingsworth@yopmail.com,Adore.Hollingsworth@gmail.com,doctor
233,Rosanne,Lauraine,Rosanne.Lauraine@yopmail.com,Rosanne.Lauraine@gmail.com,police officer
234,Dacia,Tufts,Dacia.Tufts@yopmail.com,Dacia.Tufts@gmail.com,police officer
235,Jacquetta,Eckblad,Jacquetta.Eckblad@yopmail.com,Jacquetta.Eckblad@gmail.com,worker
236,Vere,Wolfgram,Vere.Wolfgram@yopmail.com,Vere.Wolfgram@gmail.com,developer
237,Gilda,Lunsford,Gilda.Lunsford@yopmail.com,Gilda.Lunsford@gmail.com,developer
238,Ardeen,Chandler,Ardeen.Chandler@yopmail.com,Ardeen.Chandler@gmail.com,firefighter
239,Danny,Lynn,Danny.Lynn@yopmail.com,Danny.Lynn@gmail.com,developer
240,Evaleen,Georas,Evaleen.Georas@yopmail.com,Evaleen.Georas@gmail.com,doctor
241,Jorry,Saunderson,Jorry.Saunderson@yopmail.com,Jorry.Saunderson@gmail.com,police officer
242,Margarette,Carleen,Margarette.Carleen@yopmail.com,Margarette.Carleen@gmail.com,police officer
243,Aubrie,Saint,Aubrie.Saint@yopmail.com,Aubrie.Saint@gmail.com,firefighter
244,Donetta,Pascia,Donetta.Pascia@yopmail.com,Donetta.Pascia@gmail.com,firefighter
245,Sonni,Selway,Sonni.Selway@yopmail.com,Sonni.Selway@gmail.com,developer
246,Perry,Warthman,Perry.Warthman@yopmail.com,Perry.Warthman@gmail.com,worker
247,Jennica,Yoko,Jennica.Yoko@yopmail.com,Jennica.Yoko@gmail.com,developer
248,Leia,Rolf,Leia.Rolf@yopmail.com,Leia.Rolf@gmail.com,firefighter
249,Petronia,Larochelle,Petronia.Larochelle@yopmail.com,Petronia.Larochelle@gmail.com,doctor
250,Lucille,Leler,Lucille.Leler@yopmail.com,Lucille.Leler@gmail.com,worker
251,Dulcinea,Cottle,Dulcinea.Cottle@yopmail.com,Dulcinea.Cottle@gmail.com,doctor
252,Sara-Ann,Codding,Sara-Ann.Codding@yopmail.com,Sara-Ann.Codding@gmail.com,police officer
253,Viviene,Oneida,Viviene.Oneida@yopmail.com,Viviene.Oneida@gmail.com,doctor
254,Coral,Janene,Coral.Janene@yopmail.com,Coral.Janene@gmail.com,doctor
255,Gerrie,Crudden,Gerrie.Crudden@yopmail.com,Gerrie.Crudden@gmail.com,firefighter
256,Nicoli,Henebry,Nicoli.Henebry@yopmail.com,Nicoli.Henebry@gmail.com,developer
257,Gisela,Crudden,Gisela.Crudden@yopmail.com,Gisela.Crudden@gmail.com,police officer
258,Betta,Mayeda,Betta.Mayeda@yopmail.com,Betta.Mayeda@gmail.com,worker
259,Kylynn,Dielu,Kylynn.Dielu@yopmail.com,Kylynn.Dielu@gmail.com,developer
260,Valera,Alejoa,Valera.Alejoa@yopmail.com,Valera.Alejoa@gmail.com,doctor
261,Aubrie,Allare,Aubrie.Allare@yopmail.com,Aubrie.Allare@gmail.com,police officer
262,Nonnah,Yusuk,Nonnah.Yusuk@yopmail.com,Nonnah.Yusuk@gmail.com,developer
263,Claudina,Reneta,Claudina.Reneta@yopmail.com,Claudina.Reneta@gmail.com,developer
264,Janis,Rosette,Janis.Rosette@yopmail.com,Janis.Rosette@gmail.com,doctor
265,Janenna,Martsen,Janenna.Martsen@yopmail.com,Janenna.Martsen@gmail.com,firefighter
266,Berget,Bultman,Berget.Bultman@yopmail.com,Berget.Bultman@gmail.com,developer
267,Viviene,Ulphia,Viviene.Ulphia@yopmail.com,Viviene.Ulphia@gmail.com,developer
268,Gilligan,Colyer,Gilligan.Colyer@yopmail.com,Gilligan.Colyer@gmail.com,firefighter
269,Brandise,Hertzfeld,Brandise.Hertzfeld@yopmail.com,Brandise.Hertzfeld@gmail.com,police officer
270,Damaris,Daveta,Damaris.Daveta@yopmail.com,Damaris.Daveta@gmail.com,firefighter
271,Elka,Dearborn,Elka.Dearborn@yopmail.com,Elka.Dearborn@gmail.com,doctor
272,Jobi,Macey,Jobi.Macey@yopmail.com,Jobi.Macey@gmail.com,doctor
273,Alejandra,Bendick,Alejandra.Bendick@yopmail.com,Alejandra.Bendick@gmail.com,doctor
274,Estell,Brieta,Estell.Brieta@yopmail.com,Estell.Brieta@gmail.com,worker
275,Andeee,Hashim,Andeee.Hashim@yopmail.com,Andeee.Hashim@gmail.com,developer
276,Norine,Gombach,Norine.Gombach@yopmail.com,Norine.Gombach@gmail.com,worker
277,Valeda,Dosia,Valeda.Dosia@yopmail.com,Valeda.Dosia@gmail.com,doctor
278,Sue,Xerxes,Sue.Xerxes@yopmail.com,Sue.Xerxes@gmail.com,doctor
279,Ardenia,Verger,Ardenia.Verger@yopmail.com,Ardenia.Verger@gmail.com,firefighter
280,Fanchon,Juan,Fanchon.Juan@yopmail.com,Fanchon.Juan@gmail.com,worker
281,Lanna,Ricarda,Lanna.Ricarda@yopmail.com,Lanna.Ricarda@gmail.com,police officer
282,Margarette,Suanne,Margarette.Suanne@yopmail.com,Margarette.Suanne@gmail.com,firefighter
283,Hollie,Persse,Hollie.Persse@yopmail.com,Hollie.Persse@gmail.com,developer
284,Julieta,Amadas,Julieta.Amadas@yopmail.com,Julieta.Amadas@gmail.com,police officer
285,Feliza,Taam,Feliza.Taam@yopmail.com,Feliza.Taam@gmail.com,worker
286,Maisey,Truc,Maisey.Truc@yopmail.com,Maisey.Truc@gmail.com,developer
287,Merle,Kirstin,Merle.Kirstin@yopmail.com,Merle.Kirstin@gmail.com,worker
288,Agathe,Allina,Agathe.Allina@yopmail.com,Agathe.Allina@gmail.com,worker
289,Vanessa,Ferrell,Vanessa.Ferrell@yopmail.com,Vanessa.Ferrell@gmail.com,worker
290,Shell,Tacye,Shell.Tacye@yopmail.com,Shell.Tacye@gmail.com,doctor
291,Briney,Ries,Briney.Ries@yopmail.com,Briney.Ries@gmail.com,worker
292,Stevana,Ralfston,Stevana.Ralfston@yopmail.com,Stevana.Ralfston@gmail.com,developer
293,Sindee,Tristram,Sindee.Tristram@yopmail.com,Sindee.Tristram@gmail.com,police officer
294,Jan,Gombach,Jan.Gombach@yopmail.com,Jan.Gombach@gmail.com,doctor
295,Jenda,Corabella,Jenda.Corabella@yopmail.com,Jenda.Corabella@gmail.com,worker
296,Ariela,Sinegold,Ariela.Sinegold@yopmail.com,Ariela.Sinegold@gmail.com,police officer
297,Evita,Urania,Evita.Urania@yopmail.com,Evita.Urania@gmail.com,firefighter
298,Pamella,Neva,Pamella.Neva@yopmail.com,Pamella.Neva@gmail.com,developer
299,Linet,Ardeha,Linet.Ardeha@yopmail.com,Linet.Ardeha@gmail.com,police officer
300,Merrie,Suzetta,Merrie.Suzetta@yopmail.com,Merrie.Suzetta@gmail.com,doctor
301,Nollie,Ephrem,Nollie.Ephrem@yopmail.com,Nollie.Ephrem@gmail.com,firefighter
302,Marline,Stanwood,Marline.Stanwood@yopmail.com,Marline.Stanwood@gmail.com,developer
303,Adelle,Laverne,Adelle.Laverne@yopmail.com,Adelle.Laverne@gmail.com,developer
304,Lilith,Brieta,Lilith.Brieta@yopmail.com,Lilith.Brieta@gmail.com,developer
305,Gusella,Dudley,Gusella.Dudley@yopmail.com,Gusella.Dudley@gmail.com,developer
306,Fredericka,Hortensia,Fredericka.Hortensia@yopmail.com,Fredericka.Hortensia@gmail.com,doctor
307,Roxane,Sekofski,Roxane.Sekofski@yopmail.com,Roxane.Sekofski@gmail.com,developer
308,Marita,Goerke,Marita.Goerke@yopmail.com,Marita.Goerke@gmail.com,police officer
309,Mariann,Elsinore,Mariann.Elsinore@yopmail.com,Mariann.Elsinore@gmail.com,doctor
310,Daune,Saunderson,Daune.Saunderson@yopmail.com,Daune.Saunderson@gmail.com,firefighter
311,Tatiania,Bluh,Tatiania.Bluh@yopmail.com,Tatiania.Bluh@gmail.com,worker
312,Ariela,McGrody,Ariela.McGrody@yopmail.com,Ariela.McGrody@gmail.com,firefighter
313,Laure,Vorster,Laure.Vorster@yopmail.com,Laure.Vorster@gmail.com,police officer
314,Glenda,Kevon,Glenda.Kevon@yopmail.com,Glenda.Kevon@gmail.com,firefighter
315,Maud,Bahr,Maud.Bahr@yopmail.com,Maud.Bahr@gmail.com,worker
316,Juliane,Timon,Juliane.Timon@yopmail.com,Juliane.Timon@gmail.com,doctor
317,Tabbatha,Bethany,Tabbatha.Bethany@yopmail.com,Tabbatha.Bethany@gmail.com,firefighter
318,Marsiella,Amadas,Marsiella.Amadas@yopmail.com,Marsiella.Amadas@gmail.com,developer
319,Layla,Vary,Layla.Vary@yopmail.com,Layla.Vary@gmail.com,developer
320,Tiffie,Hylan,Tiffie.Hylan@yopmail.com,Tiffie.Hylan@gmail.com,firefighter
321,Corry,Fink,Corry.Fink@yopmail.com,Corry.Fink@gmail.com,firefighter
322,Maryellen,Iaverne,Maryellen.Iaverne@yopmail.com,Maryellen.Iaverne@gmail.com,developer
323,Modestia,Pillsbury,Modestia.Pillsbury@yopmail.com,Modestia.Pillsbury@gmail.com,police officer
324,Arlena,Brenn,Arlena.Brenn@yopmail.com,Arlena.Brenn@gmail.com,firefighter
325,Stephanie,Hoenack,Stephanie.Hoenack@yopmail.com,Stephanie.Hoenack@gmail.com,developer
326,Nita,Kimmie,Nita.Kimmie@yopmail.com,Nita.Kimmie@gmail.com,developer
327,Lulita,Hilbert,Lulita.Hilbert@yopmail.com,Lulita.Hilbert@gmail.com,doctor
328,Ottilie,Daegal,Ottilie.Daegal@yopmail.com,Ottilie.Daegal@gmail.com,firefighter
329,Ethel,Iiette,Ethel.Iiette@yopmail.com,Ethel.Iiette@gmail.com,police officer
330,Alie,Frodi,Alie.Frodi@yopmail.com,Alie.Frodi@gmail.com,developer
331,Pierette,Horan,Pierette.Horan@yopmail.com,Pierette.Horan@gmail.com,developer
332,Libbie,Latini,Libbie.Latini@yopmail.com,Libbie.Latini@gmail.com,police officer
333,Ivett,Zachary,Ivett.Zachary@yopmail.com,Ivett.Zachary@gmail.com,doctor
334,Nerta,Judye,Nerta.Judye@yopmail.com,Nerta.Judye@gmail.com,police officer
335,Ricky,Stilwell,Ricky.Stilwell@yopmail.com,Ricky.Stilwell@gmail.com,developer
336,Bee,Susannah,Bee.Susannah@yopmail.com,Bee.Susannah@gmail.com,doctor
337,Wilma,Louanna,Wilma.Louanna@yopmail.com,Wilma.Louanna@gmail.com,police officer
338,Agnese,Stilwell,Agnese.Stilwell@yopmail.com,Agnese.Stilwell@gmail.com,doctor
339,Joy,Lamoree,Joy.Lamoree@yopmail.com,Joy.Lamoree@gmail.com,worker
340,Marcelline,Raychel,Marcelline.Raychel@yopmail.com,Marcelline.Raychel@gmail.com,firefighter
341,Damaris,Pauly,Damaris.Pauly@yopmail.com,Damaris.Pauly@gmail.com,firefighter
342,Rani,Marden,Rani.Marden@yopmail.com,Rani.Marden@gmail.com,firefighter
343,Dennie,Persse,Dennie.Persse@yopmail.com,Dennie.Persse@gmail.com,worker
344,Nickie,Grayce,Nickie.Grayce@yopmail.com,Nickie.Grayce@gmail.com,firefighter
345,Kathy,Weitman,Kathy.Weitman@yopmail.com,Kathy.Weitman@gmail.com,developer
346,Jobi,Mullane,Jobi.Mullane@yopmail.com,Jobi.Mullane@gmail.com,worker
347,Corina,Warthman,Corina.Warthman@yopmail.com,Corina.Warthman@gmail.com,worker
348,Lanna,Couture,Lanna.Couture@yopmail.com,Lanna.Couture@gmail.com,worker
349,Etta,Kat,Etta.Kat@yopmail.com,Etta.Kat@gmail.com,developer
350,Felice,Douglass,Felice.Douglass@yopmail.com,Felice.Douglass@gmail.com,developer
351,Janey,Barrus,Janey.Barrus@yopmail.com,Janey.Barrus@gmail.com,doctor
352,Livvyy,Tjon,Livvyy.Tjon@yopmail.com,Livvyy.Tjon@gmail.com,worker
353,Rozele,Henrie,Rozele.Henrie@yopmail.com,Rozele.Henrie@gmail.com,firefighter
354,Doralynne,Craggie,Doralynne.Craggie@yopmail.com,Doralynne.Craggie@gmail.com,developer
355,Brandise,Dielu,Brandise.Dielu@yopmail.com,Brandise.Dielu@gmail.com,developer
356,Lorie,Warthman,Lorie.Warthman@yopmail.com,Lorie.Warthman@gmail.com,developer
357,Elka,Hollingsworth,Elka.Hollingsworth@yopmail.com,Elka.Hollingsworth@gmail.com,worker
358,Britte,Erminia,Britte.Erminia@yopmail.com,Britte.Erminia@gmail.com,firefighter
359,Netty,Eachern,Netty.Eachern@yopmail.com,Netty.Eachern@gmail.com,worker
360,Carmela,Bouchard,Carmela.Bouchard@yopmail.com,Carmela.Bouchard@gmail.com,doctor
361,Hyacinthe,Dominy,Hyacinthe.Dominy@yopmail.com,Hyacinthe.Dominy@gmail.com,worker
362,Brianna,Paton,Brianna.Paton@yopmail.com,Brianna.Paton@gmail.com,police officer
363,Candi,Yate,Candi.Yate@yopmail.com,Candi.Yate@gmail.com,developer
364,Korrie,Juan,Korrie.Juan@yopmail.com,Korrie.Juan@gmail.com,doctor
365,Deirdre,Japeth,Deirdre.Japeth@yopmail.com,Deirdre.Japeth@gmail.com,worker
366,Fanny,Colyer,Fanny.Colyer@yopmail.com,Fanny.Colyer@gmail.com,worker
367,Edee,Gordon,Edee.Gordon@yopmail.com,Edee.Gordon@gmail.com,doctor
368,Cathyleen,Karl,Cathyleen.Karl@yopmail.com,Cathyleen.Karl@gmail.com,firefighter
369,Glynnis,Charity,Glynnis.Charity@yopmail.com,Glynnis.Charity@gmail.com,doctor
370,Concettina,Vharat,Concettina.Vharat@yopmail.com,Concettina.Vharat@gmail.com,worker
371,Katharina,Cullin,Katharina.Cullin@yopmail.com,Katharina.Cullin@gmail.com,police officer
372,Clary,Love,Clary.Love@yopmail.com,Clary.Love@gmail.com,worker
373,Mara,Madox,Mara.Madox@yopmail.com,Mara.Madox@gmail.com,firefighter
374,Hayley,Bach,Hayley.Bach@yopmail.com,Hayley.Bach@gmail.com,worker
375,Petronia,Lissi,Petronia.Lissi@yopmail.com,Petronia.Lissi@gmail.com,developer
376,Aimil,Bertold,Aimil.Bertold@yopmail.com,Aimil.Bertold@gmail.com,developer
377,Harrietta,Mintz,Harrietta.Mintz@yopmail.com,Harrietta.Mintz@gmail.com,developer
378,Rozele,My,Rozele.My@yopmail.com,Rozele.My@gmail.com,worker
379,Camile,Granoff,Camile.Granoff@yopmail.com,Camile.Granoff@gmail.com,firefighter
380,Paulita,Love,Paulita.Love@yopmail.com,Paulita.Love@gmail.com,developer
381,Yvonne,Sholley,Yvonne.Sholley@yopmail.com,Yvonne.Sholley@gmail.com,worker
382,Chandra,Daegal,Chandra.Daegal@yopmail.com,Chandra.Daegal@gmail.com,developer
383,Vanessa,Barbey,Vanessa.Barbey@yopmail.com,Vanessa.Barbey@gmail.com,worker
384,Ileana,Ramona,Ileana.Ramona@yopmail.com,Ileana.Ramona@gmail.com,firefighter
385,Collen,Skurnik,Collen.Skurnik@yopmail.com,Collen.Skurnik@gmail.com,developer
386,Johna,Harned,Johna.Harned@yopmail.com,Johna.Harned@gmail.com,police officer
387,Britte,Carlson,Britte.Carlson@yopmail.com,Britte.Carlson@gmail.com,police officer
388,Michaelina,Newell,Michaelina.Newell@yopmail.com,Michaelina.Newell@gmail.com,police officer
389,Mahalia,Thunell,Mahalia.Thunell@yopmail.com,Mahalia.Thunell@gmail.com,police officer
390,Rivalee,Suanne,Rivalee.Suanne@yopmail.com,Rivalee.Suanne@gmail.com,worker
391,Allis,Suanne,Allis.Suanne@yopmail.com,Allis.Suanne@gmail.com,firefighter
392,Kylynn,Adamsen,Kylynn.Adamsen@yopmail.com,Kylynn.Adamsen@gmail.com,police officer
393,Clementine,Dichy,Clementine.Dichy@yopmail.com,Clementine.Dichy@gmail.com,firefighter
394,Marsiella,Genna,Marsiella.Genna@yopmail.com,Marsiella.Genna@gmail.com,developer
395,Norine,Hilbert,Norine.Hilbert@yopmail.com,Norine.Hilbert@gmail.com,firefighter
396,Alexine,Amand,Alexine.Amand@yopmail.com,Alexine.Amand@gmail.com,police officer
397,Phylis,Lorain,Phylis.Lorain@yopmail.com,Phylis.Lorain@gmail.com,developer
398,Theodora,Pauly,Theodora.Pauly@yopmail.com,Theodora.Pauly@gmail.com,doctor
399,Annora,Danby,Annora.Danby@yopmail.com,Annora.Danby@gmail.com,doctor
400,Ayn,Anton,Ayn.Anton@yopmail.com,Ayn.Anton@gmail.com,firefighter
401,Lynea,Garbe,Lynea.Garbe@yopmail.com,Lynea.Garbe@gmail.com,developer
402,Paulita,Alejoa,Paulita.Alejoa@yopmail.com,Paulita.Alejoa@gmail.com,doctor
403,Marita,Wiener,Marita.Wiener@yopmail.com,Marita.Wiener@gmail.com,doctor
404,Aili,Bennie,Aili.Bennie@yopmail.com,Aili.Bennie@gmail.com,worker
405,Ardeen,Sisile,Ardeen.Sisile@yopmail.com,Ardeen.Sisile@gmail.com,developer
406,Shaylyn,Holtz,Shaylyn.Holtz@yopmail.com,Shaylyn.Holtz@gmail.com,developer
407,Kaia,Giff,Kaia.Giff@yopmail.com,Kaia.Giff@gmail.com,developer
408,Emma,Vittoria,Emma.Vittoria@yopmail.com,Emma.Vittoria@gmail.com,worker
409,Sallie,Merriott,Sallie.Merriott@yopmail.com,Sallie.Merriott@gmail.com,worker
410,Leia,Tjon,Leia.Tjon@yopmail.com,Leia.Tjon@gmail.com,police officer
411,Fred,Moina,Fred.Moina@yopmail.com,Fred.Moina@gmail.com,worker
412,Carolina,Alcott,Carolina.Alcott@yopmail.com,Carolina.Alcott@gmail.com,doctor
413,Ricky,Anton,Ricky.Anton@yopmail.com,Ricky.Anton@gmail.com,developer
414,Arabel,Chaing,Arabel.Chaing@yopmail.com,Arabel.Chaing@gmail.com,worker
415,Carol-Jean,Silvan,Carol-Jean.Silvan@yopmail.com,Carol-Jean.Silvan@gmail.com,firefighter
416,Gaylene,Ferino,Gaylene.Ferino@yopmail.com,Gaylene.Ferino@gmail.com,police officer
417,Joleen,Lasley,Joleen.Lasley@yopmail.com,Joleen.Lasley@gmail.com,doctor
418,Millie,Waite,Millie.Waite@yopmail.com,Millie.Waite@gmail.com,firefighter
419,Lyssa,Stav,Lyssa.Stav@yopmail.com,Lyssa.Stav@gmail.com,firefighter
420,Merrie,Latini,Merrie.Latini@yopmail.com,Merrie.Latini@gmail.com,doctor
421,Rhea,Georas,Rhea.Georas@yopmail.com,Rhea.Georas@gmail.com,police officer
422,Fred,Jalbert,Fred.Jalbert@yopmail.com,Fred.Jalbert@gmail.com,worker
423,Tomasina,Slifka,Tomasina.Slifka@yopmail.com,Tomasina.Slifka@gmail.com,police officer
424,Cindelyn,Sadowski,Cindelyn.Sadowski@yopmail.com,Cindelyn.Sadowski@gmail.com,firefighter
425,Jolyn,Matthew,Jolyn.Matthew@yopmail.com,Jolyn.Matthew@gmail.com,police officer
426,Cathyleen,Therine,Cathyleen.Therine@yopmail.com,Cathyleen.Therine@gmail.com,doctor
427,Annecorinne,Emerson,Annecorinne.Emerson@yopmail.com,Annecorinne.Emerson@gmail.com,police officer
428,Barbi,Brackely,Barbi.Brackely@yopmail.com,Barbi.Brackely@gmail.com,worker
429,Odessa,Helfand,Odessa.Helfand@yopmail.com,Odessa.Helfand@gmail.com,worker
430,Caryl,Fillbert,Caryl.Fillbert@yopmail.com,Caryl.Fillbert@gmail.com,firefighter
431,Ardeen,McClimans,Ardeen.McClimans@yopmail.com,Ardeen.McClimans@gmail.com,worker
432,Edyth,Eliathas,Edyth.Eliathas@yopmail.com,Edyth.Eliathas@gmail.com,police officer
433,Jackie,Keily,Jackie.Keily@yopmail.com,Jackie.Keily@gmail.com,worker
434,Dale,Milde,Dale.Milde@yopmail.com,Dale.Milde@gmail.com,developer
435,Leeanne,Land,Leeanne.Land@yopmail.com,Leeanne.Land@gmail.com,worker
436,Melina,Ursulette,Melina.Ursulette@yopmail.com,Melina.Ursulette@gmail.com,developer
437,Annecorinne,Graig,Annecorinne.Graig@yopmail.com,Annecorinne.Graig@gmail.com,developer
438,Mariann,Kronfeld,Mariann.Kronfeld@yopmail.com,Mariann.Kronfeld@gmail.com,firefighter
439,Kara-Lynn,Cherianne,Kara-Lynn.Cherianne@yopmail.com,Kara-Lynn.Cherianne@gmail.com,developer
440,Basia,Tamsky,Basia.Tamsky@yopmail.com,Basia.Tamsky@gmail.com,police officer
441,Kathi,Phi,Kathi.Phi@yopmail.com,Kathi.Phi@gmail.com,doctor
442,Cyb,Timon,Cyb.Timon@yopmail.com,Cyb.Timon@gmail.com,firefighter
443,Norine,Millda,Norine.Millda@yopmail.com,Norine.Millda@gmail.com,firefighter
444,Mignon,Chauncey,Mignon.Chauncey@yopmail.com,Mignon.Chauncey@gmail.com,doctor
445,Nickie,Morrill,Nickie.Morrill@yopmail.com,Nickie.Morrill@gmail.com,developer
446,Kirstin,Vale,Kirstin.Vale@yopmail.com,Kirstin.Vale@gmail.com,firefighter
447,Nollie,Naor,Nollie.Naor@yopmail.com,Nollie.Naor@gmail.com,firefighter
448,Esmeralda,Krystle,Esmeralda.Krystle@yopmail.com,Esmeralda.Krystle@gmail.com,developer
449,Josephine,Ricarda,Josephine.Ricarda@yopmail.com,Josephine.Ricarda@gmail.com,firefighter
450,Fredericka,Montgomery,Fredericka.Montgomery@yopmail.com,Fredericka.Montgomery@gmail.com,doctor
451,Noelle,Noman,Noelle.Noman@yopmail.com,Noelle.Noman@gmail.com,worker
452,Talya,Rese,Talya.Rese@yopmail.com,Talya.Rese@gmail.com,firefighter
453,Paule,Erlandson,Paule.Erlandson@yopmail.com,Paule.Erlandson@gmail.com,police officer
454,Drucie,Strephon,Drucie.Strephon@yopmail.com,Drucie.Strephon@gmail.com,doctor
455,Lita,Eldrid,Lita.Eldrid@yopmail.com,Lita.Eldrid@gmail.com,developer
456,Chrystel,Dosia,Chrystel.Dosia@yopmail.com,Chrystel.Dosia@gmail.com,worker
457,Sybille,Berne,Sybille.Berne@yopmail.com,Sybille.Berne@gmail.com,worker
458,Hettie,Keelia,Hettie.Keelia@yopmail.com,Hettie.Keelia@gmail.com,developer
459,Karlee,Leonard,Karlee.Leonard@yopmail.com,Karlee.Leonard@gmail.com,developer
460,Gertrud,MacIntosh,Gertrud.MacIntosh@yopmail.com,Gertrud.MacIntosh@gmail.com,doctor
461,Aili,Tjon,Aili.Tjon@yopmail.com,Aili.Tjon@gmail.com,worker
462,Nickie,Roscoe,Nickie.Roscoe@yopmail.com,Nickie.Roscoe@gmail.com,developer
463,Kathi,Halsey,Kathi.Halsey@yopmail.com,Kathi.Halsey@gmail.com,developer
464,Carlie,Prober,Carlie.Prober@yopmail.com,Carlie.Prober@gmail.com,police officer
465,Leona,Thomasina,Leona.Thomasina@yopmail.com,Leona.Thomasina@gmail.com,developer
466,Heddie,Capello,Heddie.Capello@yopmail.com,Heddie.Capello@gmail.com,police officer
467,Penelopa,Hull,Penelopa.Hull@yopmail.com,Penelopa.Hull@gmail.com,developer
468,Blake,Artie,Blake.Artie@yopmail.com,Blake.Artie@gmail.com,doctor
469,Stephanie,Gert,Stephanie.Gert@yopmail.com,Stephanie.Gert@gmail.com,police officer
470,Fidelia,Ambrosia,Fidelia.Ambrosia@yopmail.com,Fidelia.Ambrosia@gmail.com,doctor
471,Esmeralda,Miru,Esmeralda.Miru@yopmail.com,Esmeralda.Miru@gmail.com,firefighter
472,Debee,McAdams,Debee.McAdams@yopmail.com,Debee.McAdams@gmail.com,firefighter
473,Lorenza,Heisel,Lorenza.Heisel@yopmail.com,Lorenza.Heisel@gmail.com,police officer
474,Dulce,Silvan,Dulce.Silvan@yopmail.com,Dulce.Silvan@gmail.com,developer
475,Correy,Hilbert,Correy.Hilbert@yopmail.com,Correy.Hilbert@gmail.com,developer
476,Tera,Kelula,Tera.Kelula@yopmail.com,Tera.Kelula@gmail.com,firefighter
477,Jaclyn,Jacinda,Jaclyn.Jacinda@yopmail.com,Jaclyn.Jacinda@gmail.com,doctor
478,Xylina,Auberbach,Xylina.Auberbach@yopmail.com,Xylina.Auberbach@gmail.com,worker
479,Ashlee,Sharl,Ashlee.Sharl@yopmail.com,Ashlee.Sharl@gmail.com,worker
480,Justinn,Vittoria,Justinn.Vittoria@yopmail.com,Justinn.Vittoria@gmail.com,developer
481,Marita,Nelsen,Marita.Nelsen@yopmail.com,Marita.Nelsen@gmail.com,worker
482,Pamella,Infield,Pamella.Infield@yopmail.com,Pamella.Infield@gmail.com,worker
483,Verla,Bendick,Verla.Bendick@yopmail.com,Verla.Bendick@gmail.com,worker
484,Kalina,Mehalek,Kalina.Mehalek@yopmail.com,Kalina.Mehalek@gmail.com,worker
485,Misha,Bigner,Misha.Bigner@yopmail.com,Misha.Bigner@gmail.com,firefighter
486,Marcelline,Sibyls,Marcelline.Sibyls@yopmail.com,Marcelline.Sibyls@gmail.com,worker
487,Frances,Lauraine,Frances.Lauraine@yopmail.com,Frances.Lauraine@gmail.com,police officer
488,Tonia,Cosenza,Tonia.Cosenza@yopmail.com,Tonia.Cosenza@gmail.com,developer
489,Codie,Weaks,Codie.Weaks@yopmail.com,Codie.Weaks@gmail.com,worker
490,Lynde,Brieta,Lynde.Brieta@yopmail.com,Lynde.Brieta@gmail.com,worker
491,Lacie,Concha,Lacie.Concha@yopmail.com,Lacie.Concha@gmail.com,firefighter
492,Sue,Breed,Sue.Breed@yopmail.com,Sue.Breed@gmail.com,doctor
493,Cristine,Franza,Cristine.Franza@yopmail.com,Cristine.Franza@gmail.com,police officer
494,Carlie,Giff,Carlie.Giff@yopmail.com,Carlie.Giff@gmail.com,worker
495,Katuscha,Valoniah,Katuscha.Valoniah@yopmail.com,Katuscha.Valoniah@gmail.com,doctor
496,Mahalia,Carbo,Mahalia.Carbo@yopmail.com,Mahalia.Carbo@gmail.com,police officer
497,Maridel,Nelsen,Maridel.Nelsen@yopmail.com,Maridel.Nelsen@gmail.com,doctor
498,Kamilah,Ursulette,Kamilah.Ursulette@yopmail.com,Kamilah.Ursulette@gmail.com,police officer
499,Selia,Westphal,Selia.Westphal@yopmail.com,Selia.Westphal@gmail.com,doctor
500,Charlena,Orelee,Charlena.Orelee@yopmail.com,Charlena.Orelee@gmail.com,police officer
501,Therine,Koehler,Therine.Koehler@yopmail.com,Therine.Koehler@gmail.com,firefighter
502,Kelly,Standing,Kelly.Standing@yopmail.com,Kelly.Standing@gmail.com,firefighter
503,Renae,Pip,Renae.Pip@yopmail.com,Renae.Pip@gmail.com,developer
504,Minne,Strephon,Minne.Strephon@yopmail.com,Minne.Strephon@gmail.com,firefighter
505,Vanessa,Dom,Vanessa.Dom@yopmail.com,Vanessa.Dom@gmail.com,worker
506,Jacenta,Malina,Jacenta.Malina@yopmail.com,Jacenta.Malina@gmail.com,police officer
507,Lacie,Milson,Lacie.Milson@yopmail.com,Lacie.Milson@gmail.com,firefighter
508,Devina,Secrest,Devina.Secrest@yopmail.com,Devina.Secrest@gmail.com,police officer
509,Deedee,Chick,Deedee.Chick@yopmail.com,Deedee.Chick@gmail.com,firefighter
510,Bibby,Chabot,Bibby.Chabot@yopmail.com,Bibby.Chabot@gmail.com,firefighter
511,Britte,Miru,Britte.Miru@yopmail.com,Britte.Miru@gmail.com,firefighter
512,Wanda,Leopold,Wanda.Leopold@yopmail.com,Wanda.Leopold@gmail.com,worker
513,Jaime,Bultman,Jaime.Bultman@yopmail.com,Jaime.Bultman@gmail.com,developer
514,Taffy,Roxanna,Taffy.Roxanna@yopmail.com,Taffy.Roxanna@gmail.com,worker
515,Collen,Tayib,Collen.Tayib@yopmail.com,Collen.Tayib@gmail.com,developer
516,Adelle,Philoo,Adelle.Philoo@yopmail.com,Adelle.Philoo@gmail.com,firefighter
517,Carmela,Poppy,Carmela.Poppy@yopmail.com,Carmela.Poppy@gmail.com,worker
518,Kimberley,Teddman,Kimberley.Teddman@yopmail.com,Kimberley.Teddman@gmail.com,police officer
519,Hallie,Rosemary,Hallie.Rosemary@yopmail.com,Hallie.Rosemary@gmail.com,worker
520,Stephanie,Yerkovich,Stephanie.Yerkovich@yopmail.com,Stephanie.Yerkovich@gmail.com,firefighter
521,Jaclyn,Margarete,Jaclyn.Margarete@yopmail.com,Jaclyn.Margarete@gmail.com,developer
522,Krystle,Lilybelle,Krystle.Lilybelle@yopmail.com,Krystle.Lilybelle@gmail.com,police officer
523,Tiffie,Lane,Tiffie.Lane@yopmail.com,Tiffie.Lane@gmail.com,developer
524,Marnia,Callista,Marnia.Callista@yopmail.com,Marnia.Callista@gmail.com,police officer
525,Elbertina,Kelula,Elbertina.Kelula@yopmail.com,Elbertina.Kelula@gmail.com,worker
526,Sabina,Guthrie,Sabina.Guthrie@yopmail.com,Sabina.Guthrie@gmail.com,doctor
527,Maryellen,Giff,Maryellen.Giff@yopmail.com,Maryellen.Giff@gmail.com,firefighter
528,Marcelline,Dituri,Marcelline.Dituri@yopmail.com,Marcelline.Dituri@gmail.com,worker
529,Mireielle,Eiser,Mireielle.Eiser@yopmail.com,Mireielle.Eiser@gmail.com,firefighter
530,Luci,Bebe,Luci.Bebe@yopmail.com,Luci.Bebe@gmail.com,firefighter
531,Morganica,Dosia,Morganica.Dosia@yopmail.com,Morganica.Dosia@gmail.com,police officer
532,Tatiania,Dom,Tatiania.Dom@yopmail.com,Tatiania.Dom@gmail.com,doctor
533,Yvonne,Schwejda,Yvonne.Schwejda@yopmail.com,Yvonne.Schwejda@gmail.com,worker
534,Trudie,Autrey,Trudie.Autrey@yopmail.com,Trudie.Autrey@gmail.com,firefighter
535,Mariele,Jess,Mariele.Jess@yopmail.com,Mariele.Jess@gmail.com,firefighter
536,Alex,Laurianne,Alex.Laurianne@yopmail.com,Alex.Laurianne@gmail.com,developer
537,Jany,Wittie,Jany.Wittie@yopmail.com,Jany.Wittie@gmail.com,firefighter
538,Annora,Pillsbury,Annora.Pillsbury@yopmail.com,Annora.Pillsbury@gmail.com,police officer
539,Hayley,Dom,Hayley.Dom@yopmail.com,Hayley.Dom@gmail.com,firefighter
540,Joelly,Sinegold,Joelly.Sinegold@yopmail.com,Joelly.Sinegold@gmail.com,developer
541,Tamqrah,Pettiford,Tamqrah.Pettiford@yopmail.com,Tamqrah.Pettiford@gmail.com,firefighter
542,Elie,Suanne,Elie.Suanne@yopmail.com,Elie.Suanne@gmail.com,worker
543,Hallie,Ehrman,Hallie.Ehrman@yopmail.com,Hallie.Ehrman@gmail.com,developer
544,Karly,Riordan,Karly.Riordan@yopmail.com,Karly.Riordan@gmail.com,firefighter
545,Liana,Astra,Liana.Astra@yopmail.com,Liana.Astra@gmail.com,developer
546,Wilma,Ovid,Wilma.Ovid@yopmail.com,Wilma.Ovid@gmail.com,police officer
547,Jerry,Westphal,Jerry.Westphal@yopmail.com,Jerry.Westphal@gmail.com,police officer
548,Bobinette,Medrek,Bobinette.Medrek@yopmail.com,Bobinette.Medrek@gmail.com,worker
549,Nerta,Sholley,Nerta.Sholley@yopmail.com,Nerta.Sholley@gmail.com,worker
550,Miquela,Amasa,Miquela.Amasa@yopmail.com,Miquela.Amasa@gmail.com,doctor
551,Ginnie,Norrie,Ginnie.Norrie@yopmail.com,Ginnie.Norrie@gmail.com,doctor
552,Chrystel,Noman,Chrystel.Noman@yopmail.com,Chrystel.Noman@gmail.com,police officer
553,Tobe,Georas,Tobe.Georas@yopmail.com,Tobe.Georas@gmail.com,worker
554,Vinita,Sawtelle,Vinita.Sawtelle@yopmail.com,Vinita.Sawtelle@gmail.com,doctor
555,Agnese,Mendez,Agnese.Mendez@yopmail.com,Agnese.Mendez@gmail.com,firefighter
556,Joeann,Hull,Joeann.Hull@yopmail.com,Joeann.Hull@gmail.com,police officer
557,Nanete,Brittani,Nanete.Brittani@yopmail.com,Nanete.Brittani@gmail.com,worker
558,Binny,Belanger,Binny.Belanger@yopmail.com,Binny.Belanger@gmail.com,police officer
559,Caressa,Jotham,Caressa.Jotham@yopmail.com,Caressa.Jotham@gmail.com,doctor
560,Romona,Paine,Romona.Paine@yopmail.com,Romona.Paine@gmail.com,worker
561,Ivett,Delila,Ivett.Delila@yopmail.com,Ivett.Delila@gmail.com,firefighter
562,Hermione,O'Neill,Hermione.O'Neill@yopmail.com,Hermione.O'Neill@gmail.com,developer
563,Renae,Erb,Renae.Erb@yopmail.com,Renae.Erb@gmail.com,firefighter
564,Sharai,Schroth,Sharai.Schroth@yopmail.com,Sharai.Schroth@gmail.com,police officer
565,Charlena,Poll,Charlena.Poll@yopmail.com,Charlena.Poll@gmail.com,police officer
566,Sonni,Gale,Sonni.Gale@yopmail.com,Sonni.Gale@gmail.com,firefighter
567,Netty,Pulsifer,Netty.Pulsifer@yopmail.com,Netty.Pulsifer@gmail.com,developer
568,Leona,Janene,Leona.Janene@yopmail.com,Leona.Janene@gmail.com,developer
569,Jaclyn,Fink,Jaclyn.Fink@yopmail.com,Jaclyn.Fink@gmail.com,police officer
570,Jeanna,Goode,Jeanna.Goode@yopmail.com,Jeanna.Goode@gmail.com,doctor
571,Roseline,Septima,Roseline.Septima@yopmail.com,Roseline.Septima@gmail.com,developer
572,Diena,Vivle,Diena.Vivle@yopmail.com,Diena.Vivle@gmail.com,firefighter
573,Fina,Rooney,Fina.Rooney@yopmail.com,Fina.Rooney@gmail.com,worker
574,Jany,Maisey,Jany.Maisey@yopmail.com,Jany.Maisey@gmail.com,firefighter
575,Lauryn,Roumell,Lauryn.Roumell@yopmail.com,Lauryn.Roumell@gmail.com,doctor
576,Annecorinne,Cynar,Annecorinne.Cynar@yopmail.com,Annecorinne.Cynar@gmail.com,police officer
577,Kristan,Mott,Kristan.Mott@yopmail.com,Kristan.Mott@gmail.com,worker
578,Molli,Sigfrid,Molli.Sigfrid@yopmail.com,Molli.Sigfrid@gmail.com,worker
579,Stacey,Cavan,Stacey.Cavan@yopmail.com,Stacey.Cavan@gmail.com,firefighter
580,Mathilda,Judye,Mathilda.Judye@yopmail.com,Mathilda.Judye@gmail.com,worker
581,Bibby,Alisia,Bibby.Alisia@yopmail.com,Bibby.Alisia@gmail.com,police officer
582,Gisela,Middleton,Gisela.Middleton@yopmail.com,Gisela.Middleton@gmail.com,worker
583,Camile,Pitt,Camile.Pitt@yopmail.com,Camile.Pitt@gmail.com,doctor
584,Gilda,Kermit,Gilda.Kermit@yopmail.com,Gilda.Kermit@gmail.com,firefighter
585,Cam,Morrill,Cam.Morrill@yopmail.com,Cam.Morrill@gmail.com,firefighter
586,Dari,Madelene,Dari.Madelene@yopmail.com,Dari.Madelene@gmail.com,worker
587,Johna,Phyllis,Johna.Phyllis@yopmail.com,Johna.Phyllis@gmail.com,worker
588,Juliane,Kenwood,Juliane.Kenwood@yopmail.com,Juliane.Kenwood@gmail.com,doctor
589,Nickie,Earlie,Nickie.Earlie@yopmail.com,Nickie.Earlie@gmail.com,doctor
590,Netty,Ventre,Netty.Ventre@yopmail.com,Netty.Ventre@gmail.com,firefighter
591,Tani,Cleo,Tani.Cleo@yopmail.com,Tani.Cleo@gmail.com,firefighter
592,Abbie,Mitzi,Abbie.Mitzi@yopmail.com,Abbie.Mitzi@gmail.com,firefighter
593,Leia,Duwalt,Leia.Duwalt@yopmail.com,Leia.Duwalt@gmail.com,developer
594,Lacie,Wallis,Lacie.Wallis@yopmail.com,Lacie.Wallis@gmail.com,doctor
595,Kimberley,Carey,Kimberley.Carey@yopmail.com,Kimberley.Carey@gmail.com,developer
596,Liana,Fiann,Liana.Fiann@yopmail.com,Liana.Fiann@gmail.com,firefighter
597,Ana,Pillsbury,Ana.Pillsbury@yopmail.com,Ana.Pillsbury@gmail.com,firefighter
598,Lolita,Ephrem,Lolita.Ephrem@yopmail.com,Lolita.Ephrem@gmail.com,police officer
599,Katleen,Huggins,Katleen.Huggins@yopmail.com,Katleen.Huggins@gmail.com,developer
600,Leia,Socha,Leia.Socha@yopmail.com,Leia.Socha@gmail.com,developer
601,Agathe,Audly,Agathe.Audly@yopmail.com,Agathe.Audly@gmail.com,doctor
602,Belinda,Syd,Belinda.Syd@yopmail.com,Belinda.Syd@gmail.com,firefighter
603,Susan,Lemuela,Susan.Lemuela@yopmail.com,Susan.Lemuela@gmail.com,doctor
604,Tina,Aurelio,Tina.Aurelio@yopmail.com,Tina.Aurelio@gmail.com,police officer
605,Chastity,Manolo,Chastity.Manolo@yopmail.com,Chastity.Manolo@gmail.com,police officer
606,Claudina,Maurine,Claudina.Maurine@yopmail.com,Claudina.Maurine@gmail.com,firefighter
607,Romona,Gregrory,Romona.Gregrory@yopmail.com,Romona.Gregrory@gmail.com,worker
608,Gratia,Pond,Gratia.Pond@yopmail.com,Gratia.Pond@gmail.com,worker
609,Cherilyn,Genna,Cherilyn.Genna@yopmail.com,Cherilyn.Genna@gmail.com,firefighter
610,Agnese,Klotz,Agnese.Klotz@yopmail.com,Agnese.Klotz@gmail.com,worker
611,Modestia,Fleeta,Modestia.Fleeta@yopmail.com,Modestia.Fleeta@gmail.com,developer
612,Maye,Taam,Maye.Taam@yopmail.com,Maye.Taam@gmail.com,firefighter
613,Eve,Sinegold,Eve.Sinegold@yopmail.com,Eve.Sinegold@gmail.com,developer
614,Kathi,Etom,Kathi.Etom@yopmail.com,Kathi.Etom@gmail.com,developer
615,Arlina,Zetta,Arlina.Zetta@yopmail.com,Arlina.Zetta@gmail.com,firefighter
616,Loree,Fink,Loree.Fink@yopmail.com,Loree.Fink@gmail.com,firefighter
617,Nessie,Hurley,Nessie.Hurley@yopmail.com,Nessie.Hurley@gmail.com,worker
618,Jsandye,Vharat,Jsandye.Vharat@yopmail.com,Jsandye.Vharat@gmail.com,worker
619,Nannie,Daveta,Nannie.Daveta@yopmail.com,Nannie.Daveta@gmail.com,police officer
620,Thalia,Rolf,Thalia.Rolf@yopmail.com,Thalia.Rolf@gmail.com,worker
621,Orsola,Laverne,Orsola.Laverne@yopmail.com,Orsola.Laverne@gmail.com,worker
622,Alejandra,Atonsah,Alejandra.Atonsah@yopmail.com,Alejandra.Atonsah@gmail.com,police officer
623,Rosanne,Baptlsta,Rosanne.Baptlsta@yopmail.com,Rosanne.Baptlsta@gmail.com,developer
624,Millie,Mauer,Millie.Mauer@yopmail.com,Millie.Mauer@gmail.com,police officer
625,Raina,Boehike,Raina.Boehike@yopmail.com,Raina.Boehike@gmail.com,police officer
626,Steffane,Halla,Steffane.Halla@yopmail.com,Steffane.Halla@gmail.com,developer
627,Heida,Andrel,Heida.Andrel@yopmail.com,Heida.Andrel@gmail.com,developer
628,Miquela,Erb,Miquela.Erb@yopmail.com,Miquela.Erb@gmail.com,worker
629,Maisey,Jobi,Maisey.Jobi@yopmail.com,Maisey.Jobi@gmail.com,firefighter
630,Betta,Riordan,Betta.Riordan@yopmail.com,Betta.Riordan@gmail.com,doctor
631,Alyssa,Jary,Alyssa.Jary@yopmail.com,Alyssa.Jary@gmail.com,worker
632,Daphne,Larochelle,Daphne.Larochelle@yopmail.com,Daphne.Larochelle@gmail.com,worker
633,Fawne,Simmonds,Fawne.Simmonds@yopmail.com,Fawne.Simmonds@gmail.com,developer
634,Zia,Land,Zia.Land@yopmail.com,Zia.Land@gmail.com,firefighter
635,Vanessa,Slifka,Vanessa.Slifka@yopmail.com,Vanessa.Slifka@gmail.com,worker
636,Melanie,Trace,Melanie.Trace@yopmail.com,Melanie.Trace@gmail.com,doctor
637,Trixi,Allare,Trixi.Allare@yopmail.com,Trixi.Allare@gmail.com,police officer
638,Jinny,Ivens,Jinny.Ivens@yopmail.com,Jinny.Ivens@gmail.com,developer
639,Tobe,Dannye,Tobe.Dannye@yopmail.com,Tobe.Dannye@gmail.com,developer
640,Paola,Vastah,Paola.Vastah@yopmail.com,Paola.Vastah@gmail.com,police officer
641,Cam,Regan,Cam.Regan@yopmail.com,Cam.Regan@gmail.com,police officer
642,Ardys,Anyah,Ardys.Anyah@yopmail.com,Ardys.Anyah@gmail.com,doctor
643,Blondelle,Kenney,Blondelle.Kenney@yopmail.com,Blondelle.Kenney@gmail.com,firefighter
644,Heddie,Sprage,Heddie.Sprage@yopmail.com,Heddie.Sprage@gmail.com,worker
645,Wanda,Ajay,Wanda.Ajay@yopmail.com,Wanda.Ajay@gmail.com,police officer
646,Annaliese,Letsou,Annaliese.Letsou@yopmail.com,Annaliese.Letsou@gmail.com,worker
647,Angelique,Salchunas,Angelique.Salchunas@yopmail.com,Angelique.Salchunas@gmail.com,police officer
648,Sharlene,Ammann,Sharlene.Ammann@yopmail.com,Sharlene.Ammann@gmail.com,police officer
649,Imojean,Bevin,Imojean.Bevin@yopmail.com,Imojean.Bevin@gmail.com,firefighter
650,Orelia,Alrich,Orelia.Alrich@yopmail.com,Orelia.Alrich@gmail.com,worker
651,Ruthe,Koziara,Ruthe.Koziara@yopmail.com,Ruthe.Koziara@gmail.com,worker
652,Johna,Noman,Johna.Noman@yopmail.com,Johna.Noman@gmail.com,police officer
653,Frances,Allina,Frances.Allina@yopmail.com,Frances.Allina@gmail.com,firefighter
654,Caryl,Peg,Caryl.Peg@yopmail.com,Caryl.Peg@gmail.com,firefighter
655,Thalia,Barney,Thalia.Barney@yopmail.com,Thalia.Barney@gmail.com,police officer
656,Bobbi,Weinreb,Bobbi.Weinreb@yopmail.com,Bobbi.Weinreb@gmail.com,developer
657,Tabbatha,Evangelia,Tabbatha.Evangelia@yopmail.com,Tabbatha.Evangelia@gmail.com,firefighter
658,Candi,Kirbee,Candi.Kirbee@yopmail.com,Candi.Kirbee@gmail.com,police officer
659,Lyssa,Waldron,Lyssa.Waldron@yopmail.com,Lyssa.Waldron@gmail.com,doctor
660,Molli,Hanleigh,Molli.Hanleigh@yopmail.com,Molli.Hanleigh@gmail.com,worker
661,Agathe,Lane,Agathe.Lane@yopmail.com,Agathe.Lane@gmail.com,police officer
662,Laurene,Secrest,Laurene.Secrest@yopmail.com,Laurene.Secrest@gmail.com,firefighter
663,Belinda,Hilbert,Belinda.Hilbert@yopmail.com,Belinda.Hilbert@gmail.com,worker
664,Glynnis,Dorine,Glynnis.Dorine@yopmail.com,Glynnis.Dorine@gmail.com,developer
665,Karena,Jaylene,Karena.Jaylene@yopmail.com,Karena.Jaylene@gmail.com,police officer
666,Ebonee,Wu,Ebonee.Wu@yopmail.com,Ebonee.Wu@gmail.com,firefighter
667,Sam,Pandolfi,Sam.Pandolfi@yopmail.com,Sam.Pandolfi@gmail.com,worker
668,Siana,Torray,Siana.Torray@yopmail.com,Siana.Torray@gmail.com,police officer
669,Rosaline,Camden,Rosaline.Camden@yopmail.com,Rosaline.Camden@gmail.com,doctor
670,Eugine,Sigfrid,Eugine.Sigfrid@yopmail.com,Eugine.Sigfrid@gmail.com,worker
671,Daphne,Gibbeon,Daphne.Gibbeon@yopmail.com,Daphne.Gibbeon@gmail.com,worker
672,June,Joli,June.Joli@yopmail.com,June.Joli@gmail.com,firefighter
673,Fred,Hutchison,Fred.Hutchison@yopmail.com,Fred.Hutchison@gmail.com,worker
674,Mary,Sibyls,Mary.Sibyls@yopmail.com,Mary.Sibyls@gmail.com,police officer
675,Kamilah,Thema,Kamilah.Thema@yopmail.com,Kamilah.Thema@gmail.com,firefighter
676,Carly,Engdahl,Carly.Engdahl@yopmail.com,Carly.Engdahl@gmail.com,police officer
677,Raf,Sisile,Raf.Sisile@yopmail.com,Raf.Sisile@gmail.com,worker
678,Tressa,Roscoe,Tressa.Roscoe@yopmail.com,Tressa.Roscoe@gmail.com,developer
679,Alie,Allina,Alie.Allina@yopmail.com,Alie.Allina@gmail.com,developer
680,Rayna,Longfellow,Rayna.Longfellow@yopmail.com,Rayna.Longfellow@gmail.com,police officer
681,Delilah,Saint,Delilah.Saint@yopmail.com,Delilah.Saint@gmail.com,developer
682,Ottilie,Abbot,Ottilie.Abbot@yopmail.com,Ottilie.Abbot@gmail.com,doctor
683,Merle,Maiah,Merle.Maiah@yopmail.com,Merle.Maiah@gmail.com,firefighter
684,Ann-Marie,Bluh,Ann-Marie.Bluh@yopmail.com,Ann-Marie.Bluh@gmail.com,firefighter
685,Fawne,Jess,Fawne.Jess@yopmail.com,Fawne.Jess@gmail.com,firefighter
686,Selma,Rustice,Selma.Rustice@yopmail.com,Selma.Rustice@gmail.com,doctor
687,Merrie,Goldina,Merrie.Goldina@yopmail.com,Merrie.Goldina@gmail.com,police officer
688,Taffy,Lissi,Taffy.Lissi@yopmail.com,Taffy.Lissi@gmail.com,police officer
689,Ann-Marie,Cookie,Ann-Marie.Cookie@yopmail.com,Ann-Marie.Cookie@gmail.com,firefighter
690,Nerta,Felizio,Nerta.Felizio@yopmail.com,Nerta.Felizio@gmail.com,doctor
691,Sue,Pandolfi,Sue.Pandolfi@yopmail.com,Sue.Pandolfi@gmail.com,developer
692,Eugine,Tiffa,Eugine.Tiffa@yopmail.com,Eugine.Tiffa@gmail.com,police officer
693,Lanna,Haldas,Lanna.Haldas@yopmail.com,Lanna.Haldas@gmail.com,developer
694,Felice,Bigner,Felice.Bigner@yopmail.com,Felice.Bigner@gmail.com,firefighter
695,Anallese,Lilybelle,Anallese.Lilybelle@yopmail.com,Anallese.Lilybelle@gmail.com,firefighter
696,Melanie,Tarrant,Melanie.Tarrant@yopmail.com,Melanie.Tarrant@gmail.com,developer
697,Ileana,Morgun,Ileana.Morgun@yopmail.com,Ileana.Morgun@gmail.com,police officer
698,Lynnea,Tjon,Lynnea.Tjon@yopmail.com,Lynnea.Tjon@gmail.com,police officer
699,Joceline,Chauncey,Joceline.Chauncey@yopmail.com,Joceline.Chauncey@gmail.com,firefighter
700,Lauryn,Alarise,Lauryn.Alarise@yopmail.com,Lauryn.Alarise@gmail.com,police officer
701,Tamqrah,Dimitris,Tamqrah.Dimitris@yopmail.com,Tamqrah.Dimitris@gmail.com,developer
702,Chrystel,Kermit,Chrystel.Kermit@yopmail.com,Chrystel.Kermit@gmail.com,firefighter
703,Lelah,Emanuel,Lelah.Emanuel@yopmail.com,Lelah.Emanuel@gmail.com,police officer
704,Angelique,Masao,Angelique.Masao@yopmail.com,Angelique.Masao@gmail.com,doctor
705,Kamilah,Gusella,Kamilah.Gusella@yopmail.com,Kamilah.Gusella@gmail.com,police officer
706,Gaylene,Rugen,Gaylene.Rugen@yopmail.com,Gaylene.Rugen@gmail.com,firefighter
707,Winifred,Rheingold,Winifred.Rheingold@yopmail.com,Winifred.Rheingold@gmail.com,police officer
708,Livvyy,Douglass,Livvyy.Douglass@yopmail.com,Livvyy.Douglass@gmail.com,developer
709,Drucie,Naor,Drucie.Naor@yopmail.com,Drucie.Naor@gmail.com,police officer
710,Ardeen,Chauncey,Ardeen.Chauncey@yopmail.com,Ardeen.Chauncey@gmail.com,doctor
711,Laurene,Ortrude,Laurene.Ortrude@yopmail.com,Laurene.Ortrude@gmail.com,police officer
712,Lucy,Darrell,Lucy.Darrell@yopmail.com,Lucy.Darrell@gmail.com,doctor
713,Hyacinthe,Angelis,Hyacinthe.Angelis@yopmail.com,Hyacinthe.Angelis@gmail.com,firefighter
714,Augustine,Ax,Augustine.Ax@yopmail.com,Augustine.Ax@gmail.com,firefighter
715,Tilly,Alfons,Tilly.Alfons@yopmail.com,Tilly.Alfons@gmail.com,firefighter
716,Fawne,Center,Fawne.Center@yopmail.com,Fawne.Center@gmail.com,developer
717,Georgetta,Berriman,Georgetta.Berriman@yopmail.com,Georgetta.Berriman@gmail.com,firefighter
718,Elfreda,Bashemeth,Elfreda.Bashemeth@yopmail.com,Elfreda.Bashemeth@gmail.com,firefighter
719,Micheline,Maiah,Micheline.Maiah@yopmail.com,Micheline.Maiah@gmail.com,firefighter
720,Dolli,Ferrell,Dolli.Ferrell@yopmail.com,Dolli.Ferrell@gmail.com,developer
721,Deedee,Shirberg,Deedee.Shirberg@yopmail.com,Deedee.Shirberg@gmail.com,developer
722,Bertine,Lilas,Bertine.Lilas@yopmail.com,Bertine.Lilas@gmail.com,worker
723,Jessy,Sasnett,Jessy.Sasnett@yopmail.com,Jessy.Sasnett@gmail.com,firefighter
724,Aimil,Iphlgenia,Aimil.Iphlgenia@yopmail.com,Aimil.Iphlgenia@gmail.com,developer
725,Alleen,Brackely,Alleen.Brackely@yopmail.com,Alleen.Brackely@gmail.com,firefighter
726,Margette,Bari,Margette.Bari@yopmail.com,Margette.Bari@gmail.com,doctor
727,Penelopa,Morgun,Penelopa.Morgun@yopmail.com,Penelopa.Morgun@gmail.com,doctor
728,Courtnay,Nedrud,Courtnay.Nedrud@yopmail.com,Courtnay.Nedrud@gmail.com,doctor
729,Katuscha,Schalles,Katuscha.Schalles@yopmail.com,Katuscha.Schalles@gmail.com,worker
730,Tracey,Ajay,Tracey.Ajay@yopmail.com,Tracey.Ajay@gmail.com,worker
731,Ellette,Persse,Ellette.Persse@yopmail.com,Ellette.Persse@gmail.com,firefighter
732,Lory,Fosque,Lory.Fosque@yopmail.com,Lory.Fosque@gmail.com,doctor
733,Jasmina,Lilybelle,Jasmina.Lilybelle@yopmail.com,Jasmina.Lilybelle@gmail.com,firefighter
734,Lesly,Wallis,Lesly.Wallis@yopmail.com,Lesly.Wallis@gmail.com,worker
735,Anallese,Carmena,Anallese.Carmena@yopmail.com,Anallese.Carmena@gmail.com,worker
736,Dorothy,Libna,Dorothy.Libna@yopmail.com,Dorothy.Libna@gmail.com,firefighter
737,Katharina,Etom,Katharina.Etom@yopmail.com,Katharina.Etom@gmail.com,developer
738,Shaine,Deny,Shaine.Deny@yopmail.com,Shaine.Deny@gmail.com,worker
739,Viviene,Fadiman,Viviene.Fadiman@yopmail.com,Viviene.Fadiman@gmail.com,doctor
740,Talya,Bennie,Talya.Bennie@yopmail.com,Talya.Bennie@gmail.com,developer
741,Ira,Milde,Ira.Milde@yopmail.com,Ira.Milde@gmail.com,worker
742,Anallese,Fadiman,Anallese.Fadiman@yopmail.com,Anallese.Fadiman@gmail.com,police officer
743,Tybie,Faro,Tybie.Faro@yopmail.com,Tybie.Faro@gmail.com,worker
744,Dorothy,Wandie,Dorothy.Wandie@yopmail.com,Dorothy.Wandie@gmail.com,worker
745,Siana,Cleo,Siana.Cleo@yopmail.com,Siana.Cleo@gmail.com,worker
746,Rayna,Ethban,Rayna.Ethban@yopmail.com,Rayna.Ethban@gmail.com,firefighter
747,Emylee,Garbe,Emylee.Garbe@yopmail.com,Emylee.Garbe@gmail.com,firefighter
748,Stacey,Caitlin,Stacey.Caitlin@yopmail.com,Stacey.Caitlin@gmail.com,firefighter
749,Silvana,Mitzi,Silvana.Mitzi@yopmail.com,Silvana.Mitzi@gmail.com,police officer
750,Felice,Chrystel,Felice.Chrystel@yopmail.com,Felice.Chrystel@gmail.com,developer
751,Cissiee,Niccolo,Cissiee.Niccolo@yopmail.com,Cissiee.Niccolo@gmail.com,firefighter
752,Sarette,Darian,Sarette.Darian@yopmail.com,Sarette.Darian@gmail.com,doctor
753,Betta,Tengdin,Betta.Tengdin@yopmail.com,Betta.Tengdin@gmail.com,firefighter
754,Norine,Peg,Norine.Peg@yopmail.com,Norine.Peg@gmail.com,firefighter
755,Dolli,Wilkinson,Dolli.Wilkinson@yopmail.com,Dolli.Wilkinson@gmail.com,doctor
756,Noelle,Oriana,Noelle.Oriana@yopmail.com,Noelle.Oriana@gmail.com,worker
757,Chastity,Brenn,Chastity.Brenn@yopmail.com,Chastity.Brenn@gmail.com,police officer
758,Diena,Alrich,Diena.Alrich@yopmail.com,Diena.Alrich@gmail.com,developer
759,Tori,Gino,Tori.Gino@yopmail.com,Tori.Gino@gmail.com,police officer
760,Meriel,Lunsford,Meriel.Lunsford@yopmail.com,Meriel.Lunsford@gmail.com,doctor
761,Elora,Calhoun,Elora.Calhoun@yopmail.com,Elora.Calhoun@gmail.com,firefighter
762,Riannon,Gert,Riannon.Gert@yopmail.com,Riannon.Gert@gmail.com,firefighter
763,Carly,Ackerley,Carly.Ackerley@yopmail.com,Carly.Ackerley@gmail.com,worker
764,Shirlee,Melleta,Shirlee.Melleta@yopmail.com,Shirlee.Melleta@gmail.com,worker
765,Lulita,Arley,Lulita.Arley@yopmail.com,Lulita.Arley@gmail.com,doctor
766,Maryellen,Palocz,Maryellen.Palocz@yopmail.com,Maryellen.Palocz@gmail.com,doctor
767,Heida,Schroth,Heida.Schroth@yopmail.com,Heida.Schroth@gmail.com,worker
768,Concettina,Swigart,Concettina.Swigart@yopmail.com,Concettina.Swigart@gmail.com,doctor
769,Hayley,Schroth,Hayley.Schroth@yopmail.com,Hayley.Schroth@gmail.com,firefighter
770,Karina,Uund,Karina.Uund@yopmail.com,Karina.Uund@gmail.com,doctor
771,Kristan,Eckblad,Kristan.Eckblad@yopmail.com,Kristan.Eckblad@gmail.com,doctor
772,Kathy,Flita,Kathy.Flita@yopmail.com,Kathy.Flita@gmail.com,worker
773,Chere,Amand,Chere.Amand@yopmail.com,Chere.Amand@gmail.com,firefighter
774,Minne,Keily,Minne.Keily@yopmail.com,Minne.Keily@gmail.com,doctor
775,Marjie,Nahum,Marjie.Nahum@yopmail.com,Marjie.Nahum@gmail.com,firefighter
776,Maridel,Darbie,Maridel.Darbie@yopmail.com,Maridel.Darbie@gmail.com,worker
777,Penelopa,Lane,Penelopa.Lane@yopmail.com,Penelopa.Lane@gmail.com,developer
778,Silvana,Bohlin,Silvana.Bohlin@yopmail.com,Silvana.Bohlin@gmail.com,doctor
779,Ezmeralda,Joni,Ezmeralda.Joni@yopmail.com,Ezmeralda.Joni@gmail.com,police officer
780,Dione,Wattenberg,Dione.Wattenberg@yopmail.com,Dione.Wattenberg@gmail.com,developer
781,Karina,Egbert,Karina.Egbert@yopmail.com,Karina.Egbert@gmail.com,doctor
782,Zia,Cookie,Zia.Cookie@yopmail.com,Zia.Cookie@gmail.com,developer
783,Regina,Forrer,Regina.Forrer@yopmail.com,Regina.Forrer@gmail.com,doctor
784,Gisela,Atonsah,Gisela.Atonsah@yopmail.com,Gisela.Atonsah@gmail.com,police officer
785,Tori,Rurik,Tori.Rurik@yopmail.com,Tori.Rurik@gmail.com,developer
786,Joeann,Dosia,Joeann.Dosia@yopmail.com,Joeann.Dosia@gmail.com,developer
787,Britte,Norrie,Britte.Norrie@yopmail.com,Britte.Norrie@gmail.com,firefighter
788,Marti,Kylander,Marti.Kylander@yopmail.com,Marti.Kylander@gmail.com,doctor
789,Monika,Ivens,Monika.Ivens@yopmail.com,Monika.Ivens@gmail.com,worker
790,Regina,Maryanne,Regina.Maryanne@yopmail.com,Regina.Maryanne@gmail.com,firefighter
791,Therine,Redmond,Therine.Redmond@yopmail.com,Therine.Redmond@gmail.com,worker
792,Nickie,Tufts,Nickie.Tufts@yopmail.com,Nickie.Tufts@gmail.com,developer
793,Arlena,Brieta,Arlena.Brieta@yopmail.com,Arlena.Brieta@gmail.com,doctor
794,Lauryn,Allare,Lauryn.Allare@yopmail.com,Lauryn.Allare@gmail.com,developer
795,Meg,Zachary,Meg.Zachary@yopmail.com,Meg.Zachary@gmail.com,doctor
796,Asia,Cath,Asia.Cath@yopmail.com,Asia.Cath@gmail.com,worker
797,Starla,Pacorro,Starla.Pacorro@yopmail.com,Starla.Pacorro@gmail.com,doctor
798,Joane,Katrine,Joane.Katrine@yopmail.com,Joane.Katrine@gmail.com,worker
799,Berget,Merna,Berget.Merna@yopmail.com,Berget.Merna@gmail.com,developer
800,Devina,Koziara,Devina.Koziara@yopmail.com,Devina.Koziara@gmail.com,worker
801,Camile,Ackerley,Camile.Ackerley@yopmail.com,Camile.Ackerley@gmail.com,worker
802,Britni,Zeeba,Britni.Zeeba@yopmail.com,Britni.Zeeba@gmail.com,firefighter
803,Carmela,Pip,Carmela.Pip@yopmail.com,Carmela.Pip@gmail.com,doctor
804,Viviene,Hillel,Viviene.Hillel@yopmail.com,Viviene.Hillel@gmail.com,worker
805,Lenna,Deegan,Lenna.Deegan@yopmail.com,Lenna.Deegan@gmail.com,worker
806,Amii,Euridice,Amii.Euridice@yopmail.com,Amii.Euridice@gmail.com,firefighter
807,Aurore,Percy,Aurore.Percy@yopmail.com,Aurore.Percy@gmail.com,developer
808,Marika,Rhu,Marika.Rhu@yopmail.com,Marika.Rhu@gmail.com,developer
809,Doro,Fennessy,Doro.Fennessy@yopmail.com,Doro.Fennessy@gmail.com,worker
810,Tressa,Bow,Tressa.Bow@yopmail.com,Tressa.Bow@gmail.com,firefighter
811,Ardenia,Han,Ardenia.Han@yopmail.com,Ardenia.Han@gmail.com,doctor
812,Bee,Ball,Bee.Ball@yopmail.com,Bee.Ball@gmail.com,doctor
813,Paulita,Artie,Paulita.Artie@yopmail.com,Paulita.Artie@gmail.com,doctor
814,Ann-Marie,Wallis,Ann-Marie.Wallis@yopmail.com,Ann-Marie.Wallis@gmail.com,police officer
815,Blake,Carmena,Blake.Carmena@yopmail.com,Blake.Carmena@gmail.com,developer
816,Molli,Taima,Molli.Taima@yopmail.com,Molli.Taima@gmail.com,police officer
817,Gwenneth,Terrence,Gwenneth.Terrence@yopmail.com,Gwenneth.Terrence@gmail.com,worker
818,Robinia,Diogenes,Robinia.Diogenes@yopmail.com,Robinia.Diogenes@gmail.com,developer
819,Carilyn,Karl,Carilyn.Karl@yopmail.com,Carilyn.Karl@gmail.com,firefighter
820,Alexine,Vins,Alexine.Vins@yopmail.com,Alexine.Vins@gmail.com,doctor
821,Shell,Autrey,Shell.Autrey@yopmail.com,Shell.Autrey@gmail.com,worker
822,Dominga,Kannry,Dominga.Kannry@yopmail.com,Dominga.Kannry@gmail.com,firefighter
823,Brena,Leler,Brena.Leler@yopmail.com,Brena.Leler@gmail.com,firefighter
824,Corene,Meli,Corene.Meli@yopmail.com,Corene.Meli@gmail.com,worker
825,Stacey,Ashok,Stacey.Ashok@yopmail.com,Stacey.Ashok@gmail.com,police officer
826,Rori,Anton,Rori.Anton@yopmail.com,Rori.Anton@gmail.com,firefighter
827,Annecorinne,Sundin,Annecorinne.Sundin@yopmail.com,Annecorinne.Sundin@gmail.com,firefighter
828,Clary,Infield,Clary.Infield@yopmail.com,Clary.Infield@gmail.com,firefighter
829,Gui,Gwenore,Gui.Gwenore@yopmail.com,Gui.Gwenore@gmail.com,police officer
830,Mariann,Olympium,Mariann.Olympium@yopmail.com,Mariann.Olympium@gmail.com,developer
831,Lusa,Montgomery,Lusa.Montgomery@yopmail.com,Lusa.Montgomery@gmail.com,worker
832,Blinni,Eben,Blinni.Eben@yopmail.com,Blinni.Eben@gmail.com,developer
833,Rosene,Terrence,Rosene.Terrence@yopmail.com,Rosene.Terrence@gmail.com,firefighter
834,Farrah,Baptlsta,Farrah.Baptlsta@yopmail.com,Farrah.Baptlsta@gmail.com,developer
835,Heddie,Desai,Heddie.Desai@yopmail.com,Heddie.Desai@gmail.com,police officer
836,Audrie,Latini,Audrie.Latini@yopmail.com,Audrie.Latini@gmail.com,police officer
837,Theodora,Salchunas,Theodora.Salchunas@yopmail.com,Theodora.Salchunas@gmail.com,police officer
838,Hayley,Dawkins,Hayley.Dawkins@yopmail.com,Hayley.Dawkins@gmail.com,worker
839,Ardys,Damarra,Ardys.Damarra@yopmail.com,Ardys.Damarra@gmail.com,worker
840,Emma,Radu,Emma.Radu@yopmail.com,Emma.Radu@gmail.com,police officer
841,Rosene,Latini,Rosene.Latini@yopmail.com,Rosene.Latini@gmail.com,doctor
842,Ira,Travax,Ira.Travax@yopmail.com,Ira.Travax@gmail.com,developer
843,Juliane,Tristram,Juliane.Tristram@yopmail.com,Juliane.Tristram@gmail.com,developer
844,Sallie,Keelia,Sallie.Keelia@yopmail.com,Sallie.Keelia@gmail.com,firefighter
845,Rosanne,Morehouse,Rosanne.Morehouse@yopmail.com,Rosanne.Morehouse@gmail.com,developer
846,Caressa,Hull,Caressa.Hull@yopmail.com,Caressa.Hull@gmail.com,police officer
847,Devina,Kendrick,Devina.Kendrick@yopmail.com,Devina.Kendrick@gmail.com,firefighter
848,Moyna,Peti,Moyna.Peti@yopmail.com,Moyna.Peti@gmail.com,developer
849,Teriann,Diogenes,Teriann.Diogenes@yopmail.com,Teriann.Diogenes@gmail.com,developer
850,Gerianna,Ephrem,Gerianna.Ephrem@yopmail.com,Gerianna.Ephrem@gmail.com,firefighter
851,Sallie,Freddi,Sallie.Freddi@yopmail.com,Sallie.Freddi@gmail.com,worker
852,Dawn,Thomasina,Dawn.Thomasina@yopmail.com,Dawn.Thomasina@gmail.com,developer
853,Anallese,Salvidor,Anallese.Salvidor@yopmail.com,Anallese.Salvidor@gmail.com,worker
854,Aeriela,Bashemeth,Aeriela.Bashemeth@yopmail.com,Aeriela.Bashemeth@gmail.com,police officer
855,Augustine,Payson,Augustine.Payson@yopmail.com,Augustine.Payson@gmail.com,firefighter
856,Mahalia,Izaak,Mahalia.Izaak@yopmail.com,Mahalia.Izaak@gmail.com,firefighter
857,Rayna,Dawkins,Rayna.Dawkins@yopmail.com,Rayna.Dawkins@gmail.com,worker
858,Alleen,Leopold,Alleen.Leopold@yopmail.com,Alleen.Leopold@gmail.com,firefighter
859,Adriana,Candy,Adriana.Candy@yopmail.com,Adriana.Candy@gmail.com,worker
860,Trixi,Martsen,Trixi.Martsen@yopmail.com,Trixi.Martsen@gmail.com,worker
861,Renae,Radu,Renae.Radu@yopmail.com,Renae.Radu@gmail.com,doctor
862,Elise,Sinegold,Elise.Sinegold@yopmail.com,Elise.Sinegold@gmail.com,worker
863,Kathy,Creamer,Kathy.Creamer@yopmail.com,Kathy.Creamer@gmail.com,police officer
864,Edyth,Faust,Edyth.Faust@yopmail.com,Edyth.Faust@gmail.com,doctor
865,Steffane,Tippets,Steffane.Tippets@yopmail.com,Steffane.Tippets@gmail.com,firefighter
866,Georgetta,Deny,Georgetta.Deny@yopmail.com,Georgetta.Deny@gmail.com,worker
867,Barbi,Wesle,Barbi.Wesle@yopmail.com,Barbi.Wesle@gmail.com,police officer
868,Viviene,Lutero,Viviene.Lutero@yopmail.com,Viviene.Lutero@gmail.com,developer
869,Jennica,Daegal,Jennica.Daegal@yopmail.com,Jennica.Daegal@gmail.com,worker
870,Sharai,Latini,Sharai.Latini@yopmail.com,Sharai.Latini@gmail.com,firefighter
871,Emma,Martguerita,Emma.Martguerita@yopmail.com,Emma.Martguerita@gmail.com,worker
872,Rosene,Wadell,Rosene.Wadell@yopmail.com,Rosene.Wadell@gmail.com,developer
873,Elora,Honoria,Elora.Honoria@yopmail.com,Elora.Honoria@gmail.com,doctor
874,Ethel,Richers,Ethel.Richers@yopmail.com,Ethel.Richers@gmail.com,worker
875,Etta,Munn,Etta.Munn@yopmail.com,Etta.Munn@gmail.com,developer
876,Margalo,Baptlsta,Margalo.Baptlsta@yopmail.com,Margalo.Baptlsta@gmail.com,firefighter
877,Lesly,Belldas,Lesly.Belldas@yopmail.com,Lesly.Belldas@gmail.com,developer
878,Orelia,Hylan,Orelia.Hylan@yopmail.com,Orelia.Hylan@gmail.com,firefighter
879,Marita,Bury,Marita.Bury@yopmail.com,Marita.Bury@gmail.com,firefighter
880,Edyth,Borrell,Edyth.Borrell@yopmail.com,Edyth.Borrell@gmail.com,worker
881,Siana,Gower,Siana.Gower@yopmail.com,Siana.Gower@gmail.com,police officer
882,Kate,Kussell,Kate.Kussell@yopmail.com,Kate.Kussell@gmail.com,doctor
883,Lonnie,Pettiford,Lonnie.Pettiford@yopmail.com,Lonnie.Pettiford@gmail.com,worker
884,Mallory,Nunci,Mallory.Nunci@yopmail.com,Mallory.Nunci@gmail.com,developer
885,Bernie,Kat,Bernie.Kat@yopmail.com,Bernie.Kat@gmail.com,firefighter
886,Adore,Yerkovich,Adore.Yerkovich@yopmail.com,Adore.Yerkovich@gmail.com,firefighter
887,Kalina,Morrill,Kalina.Morrill@yopmail.com,Kalina.Morrill@gmail.com,developer
888,Betta,Dom,Betta.Dom@yopmail.com,Betta.Dom@gmail.com,police officer
889,Konstance,Anastatius,Konstance.Anastatius@yopmail.com,Konstance.Anastatius@gmail.com,developer
890,Vere,Delila,Vere.Delila@yopmail.com,Vere.Delila@gmail.com,police officer
891,Annora,Dorothy,Annora.Dorothy@yopmail.com,Annora.Dorothy@gmail.com,police officer
892,Brooks,Goerke,Brooks.Goerke@yopmail.com,Brooks.Goerke@gmail.com,police officer
893,Mireielle,Cadmar,Mireielle.Cadmar@yopmail.com,Mireielle.Cadmar@gmail.com,doctor
894,Halette,Clie,Halette.Clie@yopmail.com,Halette.Clie@gmail.com,firefighter
895,Rosaline,Fontana,Rosaline.Fontana@yopmail.com,Rosaline.Fontana@gmail.com,worker
896,Wileen,Ummersen,Wileen.Ummersen@yopmail.com,Wileen.Ummersen@gmail.com,firefighter
897,Nariko,Bollay,Nariko.Bollay@yopmail.com,Nariko.Bollay@gmail.com,worker
898,Damaris,Kare,Damaris.Kare@yopmail.com,Damaris.Kare@gmail.com,firefighter
899,Andeee,Anis,Andeee.Anis@yopmail.com,Andeee.Anis@gmail.com,doctor
900,Ileana,Pearse,Ileana.Pearse@yopmail.com,Ileana.Pearse@gmail.com,doctor
901,Aigneis,Grayce,Aigneis.Grayce@yopmail.com,Aigneis.Grayce@gmail.com,police officer
902,Zsa Zsa,Chesna,Zsa Zsa.Chesna@yopmail.com,Zsa Zsa.Chesna@gmail.com,police officer
903,Ivett,Corabella,Ivett.Corabella@yopmail.com,Ivett.Corabella@gmail.com,police officer
904,Kirstin,Rheingold,Kirstin.Rheingold@yopmail.com,Kirstin.Rheingold@gmail.com,developer
905,Shell,Liva,Shell.Liva@yopmail.com,Shell.Liva@gmail.com,police officer
906,Ulrike,Roarke,Ulrike.Roarke@yopmail.com,Ulrike.Roarke@gmail.com,firefighter
907,Viviene,Dudley,Viviene.Dudley@yopmail.com,Viviene.Dudley@gmail.com,police officer
908,Berta,Bendick,Berta.Bendick@yopmail.com,Berta.Bendick@gmail.com,worker
909,Winny,Constancy,Winny.Constancy@yopmail.com,Winny.Constancy@gmail.com,doctor
910,Correy,Cottle,Correy.Cottle@yopmail.com,Correy.Cottle@gmail.com,worker
911,Bee,Pernick,Bee.Pernick@yopmail.com,Bee.Pernick@gmail.com,firefighter
912,Gianina,Fabiola,Gianina.Fabiola@yopmail.com,Gianina.Fabiola@gmail.com,police officer
913,Dorene,Lia,Dorene.Lia@yopmail.com,Dorene.Lia@gmail.com,doctor
914,Gisela,Roxanna,Gisela.Roxanna@yopmail.com,Gisela.Roxanna@gmail.com,doctor
915,Wileen,Quinn,Wileen.Quinn@yopmail.com,Wileen.Quinn@gmail.com,developer
916,Ermengarde,Carleen,Ermengarde.Carleen@yopmail.com,Ermengarde.Carleen@gmail.com,doctor
917,Cissiee,Ortrude,Cissiee.Ortrude@yopmail.com,Cissiee.Ortrude@gmail.com,developer
918,Aaren,Caitlin,Aaren.Caitlin@yopmail.com,Aaren.Caitlin@gmail.com,firefighter
919,Nadine,Kaja,Nadine.Kaja@yopmail.com,Nadine.Kaja@gmail.com,developer
920,Flory,Chinua,Flory.Chinua@yopmail.com,Flory.Chinua@gmail.com,worker
921,Gwenneth,Sheedy,Gwenneth.Sheedy@yopmail.com,Gwenneth.Sheedy@gmail.com,firefighter
922,Gratia,Gilmour,Gratia.Gilmour@yopmail.com,Gratia.Gilmour@gmail.com,worker
923,Hyacinthe,Jefferey,Hyacinthe.Jefferey@yopmail.com,Hyacinthe.Jefferey@gmail.com,developer
924,Joane,Bivins,Joane.Bivins@yopmail.com,Joane.Bivins@gmail.com,police officer
925,Catharine,Kesley,Catharine.Kesley@yopmail.com,Catharine.Kesley@gmail.com,firefighter
926,Alexine,Bouchard,Alexine.Bouchard@yopmail.com,Alexine.Bouchard@gmail.com,worker
927,Catharine,Berl,Catharine.Berl@yopmail.com,Catharine.Berl@gmail.com,doctor
928,Lulita,Joseph,Lulita.Joseph@yopmail.com,Lulita.Joseph@gmail.com,worker
929,Atlanta,Federica,Atlanta.Federica@yopmail.com,Atlanta.Federica@gmail.com,worker
930,Drucie,Frodi,Drucie.Frodi@yopmail.com,Drucie.Frodi@gmail.com,worker
931,Agnese,Skurnik,Agnese.Skurnik@yopmail.com,Agnese.Skurnik@gmail.com,developer
932,Daryl,Barbey,Daryl.Barbey@yopmail.com,Daryl.Barbey@gmail.com,doctor
933,Xylina,Carri,Xylina.Carri@yopmail.com,Xylina.Carri@gmail.com,police officer
934,Siana,Strephon,Siana.Strephon@yopmail.com,Siana.Strephon@gmail.com,doctor
935,Celestyna,Bashemeth,Celestyna.Bashemeth@yopmail.com,Celestyna.Bashemeth@gmail.com,doctor
936,Kathi,Melony,Kathi.Melony@yopmail.com,Kathi.Melony@gmail.com,police officer
937,Mariele,Mintz,Mariele.Mintz@yopmail.com,Mariele.Mintz@gmail.com,doctor
938,Henriette,Anselmi,Henriette.Anselmi@yopmail.com,Henriette.Anselmi@gmail.com,doctor
939,Merci,Ietta,Merci.Ietta@yopmail.com,Merci.Ietta@gmail.com,police officer
940,Jillayne,Codding,Jillayne.Codding@yopmail.com,Jillayne.Codding@gmail.com,worker
941,Marcy,Vacuva,Marcy.Vacuva@yopmail.com,Marcy.Vacuva@gmail.com,doctor
942,Elsie,Darbie,Elsie.Darbie@yopmail.com,Elsie.Darbie@gmail.com,worker
943,Ottilie,Sparhawk,Ottilie.Sparhawk@yopmail.com,Ottilie.Sparhawk@gmail.com,police officer
944,Kellen,Heidt,Kellen.Heidt@yopmail.com,Kellen.Heidt@gmail.com,worker
945,Darlleen,Georgy,Darlleen.Georgy@yopmail.com,Darlleen.Georgy@gmail.com,developer
946,Hannis,Darbie,Hannis.Darbie@yopmail.com,Hannis.Darbie@gmail.com,firefighter
947,Loree,Cosenza,Loree.Cosenza@yopmail.com,Loree.Cosenza@gmail.com,police officer
948,Trudie,Wyn,Trudie.Wyn@yopmail.com,Trudie.Wyn@gmail.com,firefighter
949,Aigneis,Felizio,Aigneis.Felizio@yopmail.com,Aigneis.Felizio@gmail.com,doctor
950,Beverley,Hashim,Beverley.Hashim@yopmail.com,Beverley.Hashim@gmail.com,doctor
951,Ann-Marie,Whittaker,Ann-Marie.Whittaker@yopmail.com,Ann-Marie.Whittaker@gmail.com,worker
952,Modestia,Kelula,Modestia.Kelula@yopmail.com,Modestia.Kelula@gmail.com,developer
953,Justinn,Seagraves,Justinn.Seagraves@yopmail.com,Justinn.Seagraves@gmail.com,firefighter
954,Kristina,Evvie,Kristina.Evvie@yopmail.com,Kristina.Evvie@gmail.com,developer
955,Gratia,Callista,Gratia.Callista@yopmail.com,Gratia.Callista@gmail.com,firefighter
956,Shel,Anderea,Shel.Anderea@yopmail.com,Shel.Anderea@gmail.com,police officer
957,Camile,Tillford,Camile.Tillford@yopmail.com,Camile.Tillford@gmail.com,worker
958,Gilda,Marcellus,Gilda.Marcellus@yopmail.com,Gilda.Marcellus@gmail.com,doctor
959,Flory,Meli,Flory.Meli@yopmail.com,Flory.Meli@gmail.com,worker
960,Rosaline,Berard,Rosaline.Berard@yopmail.com,Rosaline.Berard@gmail.com,doctor
961,Alisha,Heidt,Alisha.Heidt@yopmail.com,Alisha.Heidt@gmail.com,worker
962,Vivia,Tamsky,Vivia.Tamsky@yopmail.com,Vivia.Tamsky@gmail.com,worker
963,Janey,Duwalt,Janey.Duwalt@yopmail.com,Janey.Duwalt@gmail.com,firefighter
964,Verla,Leary,Verla.Leary@yopmail.com,Verla.Leary@gmail.com,police officer
965,Stevana,Kosey,Stevana.Kosey@yopmail.com,Stevana.Kosey@gmail.com,doctor
966,Cyndie,Lasley,Cyndie.Lasley@yopmail.com,Cyndie.Lasley@gmail.com,firefighter
967,Cyb,Aurelio,Cyb.Aurelio@yopmail.com,Cyb.Aurelio@gmail.com,developer
968,Minda,Hull,Minda.Hull@yopmail.com,Minda.Hull@gmail.com,firefighter
969,Merci,Muriel,Merci.Muriel@yopmail.com,Merci.Muriel@gmail.com,worker
970,Elbertina,McAdams,Elbertina.McAdams@yopmail.com,Elbertina.McAdams@gmail.com,doctor
971,Kore,Bury,Kore.Bury@yopmail.com,Kore.Bury@gmail.com,worker
972,Oona,Romelda,Oona.Romelda@yopmail.com,Oona.Romelda@gmail.com,developer
973,Rhea,Andrel,Rhea.Andrel@yopmail.com,Rhea.Andrel@gmail.com,police officer
974,Frank,Rooney,Frank.Rooney@yopmail.com,Frank.Rooney@gmail.com,developer
975,Carmencita,Saint,Carmencita.Saint@yopmail.com,Carmencita.Saint@gmail.com,firefighter
976,Rori,McClimans,Rori.McClimans@yopmail.com,Rori.McClimans@gmail.com,worker
977,Riannon,Freddi,Riannon.Freddi@yopmail.com,Riannon.Freddi@gmail.com,developer
978,Kristan,Adalbert,Kristan.Adalbert@yopmail.com,Kristan.Adalbert@gmail.com,police officer
979,Elsie,Gordon,Elsie.Gordon@yopmail.com,Elsie.Gordon@gmail.com,developer
980,Nanete,Tiffa,Nanete.Tiffa@yopmail.com,Nanete.Tiffa@gmail.com,police officer
981,Georgetta,Yorick,Georgetta.Yorick@yopmail.com,Georgetta.Yorick@gmail.com,developer
982,Nananne,Pierette,Nananne.Pierette@yopmail.com,Nananne.Pierette@gmail.com,doctor
983,Susan,Trace,Susan.Trace@yopmail.com,Susan.Trace@gmail.com,doctor
984,Vevay,Paton,Vevay.Paton@yopmail.com,Vevay.Paton@gmail.com,developer
985,Elsie,Henebry,Elsie.Henebry@yopmail.com,Elsie.Henebry@gmail.com,police officer
986,Kial,Latini,Kial.Latini@yopmail.com,Kial.Latini@gmail.com,police officer
987,Berta,Sholley,Berta.Sholley@yopmail.com,Berta.Sholley@gmail.com,developer
988,Rayna,Schalles,Rayna.Schalles@yopmail.com,Rayna.Schalles@gmail.com,worker
989,Aaren,Danby,Aaren.Danby@yopmail.com,Aaren.Danby@gmail.com,doctor
990,Deirdre,Sekofski,Deirdre.Sekofski@yopmail.com,Deirdre.Sekofski@gmail.com,police officer
991,Katleen,Katrine,Katleen.Katrine@yopmail.com,Katleen.Katrine@gmail.com,doctor
992,Amii,Stelle,Amii.Stelle@yopmail.com,Amii.Stelle@gmail.com,worker
993,Deane,Bluh,Deane.Bluh@yopmail.com,Deane.Bluh@gmail.com,firefighter
994,Hyacinthe,Sasnett,Hyacinthe.Sasnett@yopmail.com,Hyacinthe.Sasnett@gmail.com,doctor
995,Alejandra,Dudley,Alejandra.Dudley@yopmail.com,Alejandra.Dudley@gmail.com,doctor
996,Brianna,Dorcy,Brianna.Dorcy@yopmail.com,Brianna.Dorcy@gmail.com,police officer
997,Cassondra,Michella,Cassondra.Michella@yopmail.com,Cassondra.Michella@gmail.com,doctor
998,Stephanie,Niles,Stephanie.Niles@yopmail.com,Stephanie.Niles@gmail.com,developer
999,Mary,Seessel,Mary.Seessel@yopmail.com,Mary.Seessel@gmail.com,worker
1000,Ann-Marie,Fabiola,Ann-Marie.Fabiola@yopmail.com,Ann-Marie.Fabiola@gmail.com,developer
1001,Oona,Friede,Oona.Friede@yopmail.com,Oona.Friede@gmail.com,firefighter
1002,Alleen,Sophronia,Alleen.Sophronia@yopmail.com,Alleen.Sophronia@gmail.com,doctor
1003,Benita,Naor,Benita.Naor@yopmail.com,Benita.Naor@gmail.com,police officer
1004,Renae,Geffner,Renae.Geffner@yopmail.com,Renae.Geffner@gmail.com,police officer
1005,Abbie,Allina,Abbie.Allina@yopmail.com,Abbie.Allina@gmail.com,developer
1006,Nelle,Nahum,Nelle.Nahum@yopmail.com,Nelle.Nahum@gmail.com,firefighter
1007,Riannon,Tannie,Riannon.Tannie@yopmail.com,Riannon.Tannie@gmail.com,doctor
1008,Blake,Jammal,Blake.Jammal@yopmail.com,Blake.Jammal@gmail.com,doctor
1009,Gilda,Nikaniki,Gilda.Nikaniki@yopmail.com,Gilda.Nikaniki@gmail.com,police officer
1010,Frances,Harriman,Frances.Harriman@yopmail.com,Frances.Harriman@gmail.com,doctor
1011,Kimberley,Cohdwell,Kimberley.Cohdwell@yopmail.com,Kimberley.Cohdwell@gmail.com,developer
1012,Darci,Hilbert,Darci.Hilbert@yopmail.com,Darci.Hilbert@gmail.com,police officer
1013,Aaren,Truc,Aaren.Truc@yopmail.com,Aaren.Truc@gmail.com,developer
1014,Belva,Heisel,Belva.Heisel@yopmail.com,Belva.Heisel@gmail.com,doctor
1015,Shaylyn,Nester,Shaylyn.Nester@yopmail.com,Shaylyn.Nester@gmail.com,developer
1016,Cissiee,Annabella,Cissiee.Annabella@yopmail.com,Cissiee.Annabella@gmail.com,doctor
1017,Chandra,Gower,Chandra.Gower@yopmail.com,Chandra.Gower@gmail.com,firefighter
1018,Odessa,Fontana,Odessa.Fontana@yopmail.com,Odessa.Fontana@gmail.com,doctor
1019,Rubie,Durante,Rubie.Durante@yopmail.com,Rubie.Durante@gmail.com,doctor
1020,Frances,Chinua,Frances.Chinua@yopmail.com,Frances.Chinua@gmail.com,worker
1021,Lory,Ricarda,Lory.Ricarda@yopmail.com,Lory.Ricarda@gmail.com,firefighter
1022,Trudie,Morgun,Trudie.Morgun@yopmail.com,Trudie.Morgun@gmail.com,firefighter
1023,Anica,Kussell,Anica.Kussell@yopmail.com,Anica.Kussell@gmail.com,police officer
1024,Rivalee,Martguerita,Rivalee.Martguerita@yopmail.com,Rivalee.Martguerita@gmail.com,police officer
1025,Karina,Hourigan,Karina.Hourigan@yopmail.com,Karina.Hourigan@gmail.com,doctor
1026,Dyann,Jerold,Dyann.Jerold@yopmail.com,Dyann.Jerold@gmail.com,doctor
1027,Fanchon,Rudolph,Fanchon.Rudolph@yopmail.com,Fanchon.Rudolph@gmail.com,firefighter
1028,Gertrud,Suzetta,Gertrud.Suzetta@yopmail.com,Gertrud.Suzetta@gmail.com,developer
1029,Juliane,Bates,Juliane.Bates@yopmail.com,Juliane.Bates@gmail.com,firefighter
1030,Briney,Aldric,Briney.Aldric@yopmail.com,Briney.Aldric@gmail.com,firefighter
1031,Hollie,Isidore,Hollie.Isidore@yopmail.com,Hollie.Isidore@gmail.com,developer
1032,Catrina,Decato,Catrina.Decato@yopmail.com,Catrina.Decato@gmail.com,worker
1033,Bobbi,Bates,Bobbi.Bates@yopmail.com,Bobbi.Bates@gmail.com,doctor
1034,Viki,Peg,Viki.Peg@yopmail.com,Viki.Peg@gmail.com,worker
1035,Phedra,Rona,Phedra.Rona@yopmail.com,Phedra.Rona@gmail.com,developer
1036,Joceline,Dash,Joceline.Dash@yopmail.com,Joceline.Dash@gmail.com,developer
1037,Wilma,Bohlin,Wilma.Bohlin@yopmail.com,Wilma.Bohlin@gmail.com,developer
1038,Emma,Presber,Emma.Presber@yopmail.com,Emma.Presber@gmail.com,developer
1039,Ruthe,Ciro,Ruthe.Ciro@yopmail.com,Ruthe.Ciro@gmail.com,firefighter
1040,Heddie,Lorenz,Heddie.Lorenz@yopmail.com,Heddie.Lorenz@gmail.com,worker
1041,Zia,Genna,Zia.Genna@yopmail.com,Zia.Genna@gmail.com,police officer
1042,Georgina,Montgomery,Georgina.Montgomery@yopmail.com,Georgina.Montgomery@gmail.com,firefighter
1043,Lucy,Giff,Lucy.Giff@yopmail.com,Lucy.Giff@gmail.com,developer
1044,Netty,Billye,Netty.Billye@yopmail.com,Netty.Billye@gmail.com,police officer
1045,Mireielle,Aurelio,Mireielle.Aurelio@yopmail.com,Mireielle.Aurelio@gmail.com,developer
1046,Eadie,Callista,Eadie.Callista@yopmail.com,Eadie.Callista@gmail.com,developer
1047,Fina,Beebe,Fina.Beebe@yopmail.com,Fina.Beebe@gmail.com,worker
1048,Misha,Kylander,Misha.Kylander@yopmail.com,Misha.Kylander@gmail.com,developer
1049,Teddie,Ferino,Teddie.Ferino@yopmail.com,Teddie.Ferino@gmail.com,police officer
1050,Roz,Connelly,Roz.Connelly@yopmail.com,Roz.Connelly@gmail.com,doctor
1051,Chastity,Waite,Chastity.Waite@yopmail.com,Chastity.Waite@gmail.com,police officer
1052,Marika,Alcott,Marika.Alcott@yopmail.com,Marika.Alcott@gmail.com,developer
1053,Ursulina,Klotz,Ursulina.Klotz@yopmail.com,Ursulina.Klotz@gmail.com,developer
1054,Jemie,Edee,Jemie.Edee@yopmail.com,Jemie.Edee@gmail.com,developer
1055,Joeann,Hunfredo,Joeann.Hunfredo@yopmail.com,Joeann.Hunfredo@gmail.com,doctor
1056,Etta,McAdams,Etta.McAdams@yopmail.com,Etta.McAdams@gmail.com,doctor
1057,Kerrin,Ursulette,Kerrin.Ursulette@yopmail.com,Kerrin.Ursulette@gmail.com,worker
1058,Camile,Bergman,Camile.Bergman@yopmail.com,Camile.Bergman@gmail.com,developer
1059,Leia,Cadmar,Leia.Cadmar@yopmail.com,Leia.Cadmar@gmail.com,developer
1060,Mathilda,Stacy,Mathilda.Stacy@yopmail.com,Mathilda.Stacy@gmail.com,doctor
1061,Karlee,Haerr,Karlee.Haerr@yopmail.com,Karlee.Haerr@gmail.com,doctor
1062,Aeriela,Tengdin,Aeriela.Tengdin@yopmail.com,Aeriela.Tengdin@gmail.com,developer
1063,Jordan,Tjon,Jordan.Tjon@yopmail.com,Jordan.Tjon@gmail.com,developer
1064,Ana,Roumell,Ana.Roumell@yopmail.com,Ana.Roumell@gmail.com,doctor
1065,Keelia,Yusuk,Keelia.Yusuk@yopmail.com,Keelia.Yusuk@gmail.com,worker
1066,Tersina,Joachim,Tersina.Joachim@yopmail.com,Tersina.Joachim@gmail.com,developer
1067,Beverley,Louanna,Beverley.Louanna@yopmail.com,Beverley.Louanna@gmail.com,police officer
1068,Ezmeralda,Autrey,Ezmeralda.Autrey@yopmail.com,Ezmeralda.Autrey@gmail.com,worker
1069,Donetta,Couture,Donetta.Couture@yopmail.com,Donetta.Couture@gmail.com,police officer
1070,Audrie,Gahl,Audrie.Gahl@yopmail.com,Audrie.Gahl@gmail.com,firefighter
1071,Aurore,Ortrude,Aurore.Ortrude@yopmail.com,Aurore.Ortrude@gmail.com,developer
1072,Annora,Marden,Annora.Marden@yopmail.com,Annora.Marden@gmail.com,doctor
1073,Aimil,Aida,Aimil.Aida@yopmail.com,Aimil.Aida@gmail.com,police officer
1074,Wanda,Morgun,Wanda.Morgun@yopmail.com,Wanda.Morgun@gmail.com,developer
1075,Bee,Riva,Bee.Riva@yopmail.com,Bee.Riva@gmail.com,police officer
1076,Therine,Sperling,Therine.Sperling@yopmail.com,Therine.Sperling@gmail.com,firefighter
1077,Myriam,Madox,Myriam.Madox@yopmail.com,Myriam.Madox@gmail.com,police officer
1078,Roz,Caitlin,Roz.Caitlin@yopmail.com,Roz.Caitlin@gmail.com,firefighter
1079,Helena,Bethany,Helena.Bethany@yopmail.com,Helena.Bethany@gmail.com,police officer
1080,Candy,Sundin,Candy.Sundin@yopmail.com,Candy.Sundin@gmail.com,police officer
1081,Aili,Couture,Aili.Couture@yopmail.com,Aili.Couture@gmail.com,police officer
1082,Dari,Desai,Dari.Desai@yopmail.com,Dari.Desai@gmail.com,developer
1083,Emilia,Radu,Emilia.Radu@yopmail.com,Emilia.Radu@gmail.com,firefighter
1084,Meghann,Joni,Meghann.Joni@yopmail.com,Meghann.Joni@gmail.com,firefighter
1085,Cathie,Artie,Cathie.Artie@yopmail.com,Cathie.Artie@gmail.com,worker
1086,Tonia,Baudin,Tonia.Baudin@yopmail.com,Tonia.Baudin@gmail.com,police officer
1087,Alexine,Gaulin,Alexine.Gaulin@yopmail.com,Alexine.Gaulin@gmail.com,firefighter
1088,Eve,Kirstin,Eve.Kirstin@yopmail.com,Eve.Kirstin@gmail.com,doctor
1089,Philis,Garlinda,Philis.Garlinda@yopmail.com,Philis.Garlinda@gmail.com,police officer
1090,Valera,Dorine,Valera.Dorine@yopmail.com,Valera.Dorine@gmail.com,worker
1091,Gertrud,MacIntosh,Gertrud.MacIntosh@yopmail.com,Gertrud.MacIntosh@gmail.com,worker
1092,Nelle,Pip,Nelle.Pip@yopmail.com,Nelle.Pip@gmail.com,firefighter
1093,Trixi,Norrie,Trixi.Norrie@yopmail.com,Trixi.Norrie@gmail.com,doctor
1094,Mureil,Selway,Mureil.Selway@yopmail.com,Mureil.Selway@gmail.com,developer
1095,Claudina,Odell,Claudina.Odell@yopmail.com,Claudina.Odell@gmail.com,worker
1096,Jackie,Joseph,Jackie.Joseph@yopmail.com,Jackie.Joseph@gmail.com,doctor
1097,Zsa Zsa,Campball,Zsa Zsa.Campball@yopmail.com,Zsa Zsa.Campball@gmail.com,firefighter
1098,Carmencita,Avi,Carmencita.Avi@yopmail.com,Carmencita.Avi@gmail.com,doctor
1099,Mellicent,Scammon,Mellicent.Scammon@yopmail.com,Mellicent.Scammon@gmail.com,developer